{"options":{"summaryTrendStats":["avg","min","med","max","p(90)","p(95)"],"summaryTimeUnit":"","noColor":false},"state":{"isStdOutTTY":false,"isStdErrTTY":false,"testRunDurationMs":60827.320261},"metrics":{"http_req_duration":{"type":"trend","contains":"time","values":{"p(90)":342.708667,"p(95)":354.79089799999997,"avg":266.6530386619228,"min":3.508763,"med":266.5267455,"max":421.249813}},"checks":{"type":"rate","contains":"default","values":{"rate":1,"passes":22486,"fails":0}},"http_req_duration{expected_response:true}":{"type":"trend","contains":"time","values":{"p(95)":354.79089799999997,"avg":266.6530386619228,"min":3.508763,"med":266.5267455,"max":421.249813,"p(90)":342.708667}},"http_req_connecting":{"type":"trend","contains":"time","values":{"avg":0.16129701271902513,"min":0,"med":0,"max":67.826088,"p(90)":0,"p(95)":0}},"vus_max":{"contains":"default","values":{"value":100,"min":100,"max":100},"type":"gauge"},"data_sent":{"type":"counter","contains":"data","values":{"count":9028264,"rate":148424.49020047585}},"data_received":{"values":{"count":4497209,"rate":73934.031298818},"type":"counter","contains":"data"},"http_reqs":{"type":"counter","contains":"default","values":{"rate":369.6694166949371,"count":22486}},"http_req_waiting":{"contains":"time","values":{"avg":266.5655627197808,"min":3.430996,"med":266.4125755,"max":421.199084,"p(90)":342.634377,"p(95)":354.72679},"type":"trend"},"http_req_blocked":{"contains":"time","values":{"avg":0.17627754593969322,"min":0.001103,"med":0.002134,"max":99.384364,"p(90)":0.002745,"p(95)":0.003106},"type":"trend"},"http_req_sending":{"type":"trend","contains":"time","values":{"min":0.007614,"med":0.019116,"max":42.184885,"p(90)":0.024015,"p(95)":0.033373,"avg":0.048751564351151896}},"http_req_failed":{"type":"rate","contains":"default","values":{"rate":0,"passes":0,"fails":22486}},"http_req_receiving":{"type":"trend","contains":"time","values":{"min":0.017142,"med":0.03764,"max":3.49641,"p(90)":0.048772,"p(95)":0.053849499999999995,"avg":0.03872437779062516}},"iterations":{"type":"counter","contains":"default","values":{"count":22385,"rate":368.0089785962896}},"http_req_tls_handshaking":{"type":"trend","contains":"time","values":{"avg":0,"min":0,"med":0,"max":0,"p(90)":0,"p(95)":0}},"iteration_duration":{"type":"trend","contains":"time","values":{"med":267.558917,"max":501.352731,"p(90)":343.4043258,"p(95)":355.4641621,"avg":268.5898860841999,"min":13.650387}},"vus":{"type":"gauge","contains":"default","values":{"max":100,"value":100,"min":100}}},"setup_data":[{"clientId":"87b4b70a-64c2-4d88-bcb3-6b75d4e93fd0"},{"clientId":"5f7dd048-cb96-4e44-841c-f3e5c9cabcc5"},{"clientId":"46d93181-b7bd-48ba-bba6-2c2fed5ed135"},{"clientId":"b034e75f-af6d-4c02-b2d3-de30dd702df9"},{"clientId":"cee2fd65-33db-45a3-947e-10e4d6f80779"},{"clientId":"ec289664-a9c4-4c90-aa16-876b8188c0e9"},{"clientId":"cd0f809f-8e9e-4258-b2fe-eb090887c9ed"},{"clientId":"4984357b-7808-432f-9779-64f59caa40d6"},{"clientId":"69a599a2-453f-4683-9535-8bff28742c73"},{"clientId":"344593a0-9ff4-48ed-a8ad-2a63b649d250"},{"clientId":"c59f823c-077f-4b76-8a24-8612d8629871"},{"clientId":"93a31d73-f7ec-4852-bbda-eb2ee05fcf77"},{"clientId":"69ff19d4-69ab-4c32-a9c3-d0e730f76980"},{"clientId":"08242d5e-5fd8-4973-b6bd-6bbc056a8be8"},{"clientId":"3b5b8b42-6243-44aa-bfc7-7fbeace9536f"},{"clientId":"8b11cf7f-68aa-44e6-81d0-2e331352a2bc"},{"clientId":"b0ff8804-fe6c-4dd3-b543-12bf69c2d53d"},{"clientId":"8b6d0d39-9019-4cbb-8e72-bfee9a722d4d"},{"clientId":"4314646e-d801-4fb9-be8f-f30a6767a70d"},{"clientId":"ade2efed-0a2b-49d9-a775-6281d13e9226"},{"clientId":"e5a73a15-d0bc-486d-873c-ed7667d0c3c4"},{"clientId":"61df268d-e148-4a98-862c-30cfeee6bd70"},{"clientId":"e630b67c-17c3-42c9-a2b4-cf1fdd22f5a7"},{"clientId":"3c213d46-9900-4aef-9432-b81398ea4fb8"},{"clientId":"4af9d227-1851-45e1-a0b8-3ddb3f69d8ae"},{"clientId":"021a8b44-3bc5-4a52-b881-4a070234fee0"},{"clientId":"866ec759-eb24-45d7-a8ae-226331201740"},{"clientId":"c85727b7-b541-4c10-bbf5-cc4f775ca23c"},{"clientId":"cff319a1-fa60-4c68-9e29-99801bd8f00d"},{"clientId":"e97d98f8-3ae3-4633-b33d-7a50736b306b"},{"clientId":"e2f0f34e-6e90-489e-b504-01619770919e"},{"clientId":"28cb6ceb-da4b-4a80-8a86-d899ea19d048"},{"clientId":"002a7dd3-d65c-4cf5-8fe2-aac13a7527ff"},{"clientId":"84d738c5-da0f-41f6-8360-91d8980ae2a5"},{"clientId":"b73abf47-7944-4289-afdf-fa8a9d6ed23b"},{"clientId":"dca561cd-c9bb-45f6-83d3-56e5d135f3f5"},{"clientId":"ae1e96d2-d479-427d-9f8a-d3f62bb65c6f"},{"clientId":"442803e9-e448-48e3-9051-64b331891a31"},{"clientId":"21ee6902-3c82-44a9-accb-1606f32a426f"},{"clientId":"30e6363e-d794-4670-a629-d9bc62eb2e99"},{"clientId":"03353259-1109-4568-ae34-70596dfd9f43"},{"clientId":"37b5a67b-0e53-4e7a-a5f3-e21abc3955a6"},{"clientId":"e62bd815-224d-4468-84fc-f6c9876e9a48"},{"clientId":"cb834361-4853-4d98-a25c-391c787c12a1"},{"clientId":"5437d31f-b934-4a3e-a1af-09d468c9b7d9"},{"clientId":"ccd0bbd8-6f3d-4bbd-929f-7dc18d0895fa"},{"clientId":"8c841226-9268-4db0-bfbd-6e4d512f61e6"},{"clientId":"37692481-cd89-4571-8345-ec50b266a8b7"},{"clientId":"3315636a-4794-4354-b870-2ae160f04fbc"},{"clientId":"be8e2c2c-33f0-4aea-b233-ac22bae09a02"},{"clientId":"d2770a6f-9e8c-4f29-b62f-2528761b3d27"},{"clientId":"4dc10809-dd2e-4410-93d7-75fe7be1ad32"},{"clientId":"91d30521-1890-4f0b-b88f-834e6eb5b7c3"},{"clientId":"5dc2c6fa-423c-432f-af8b-c19b96cf61b5"},{"clientId":"a61dfe4d-fc83-4caa-b6bb-fb27c0f9b49c"},{"clientId":"fff571ff-aac2-441f-8d8f-7de6110e7ddd"},{"clientId":"a5127f4a-fd7f-485c-b955-0b6dfc58c014"},{"clientId":"edae7e3b-7c8e-4fa0-8806-6c86e381af5e"},{"clientId":"bbaefd74-ffb2-462e-9457-46c045a63543"},{"clientId":"5912be09-3601-4375-acdf-b6f9b42a1a92"},{"clientId":"307075b6-e7d7-4e2b-bfce-1cb845b1281d"},{"clientId":"f53ae162-4f7e-4251-8971-c0d376a80f72"},{"clientId":"b2d45ced-c70b-49e6-9e43-e4343ebab882"},{"clientId":"83e8dfe4-4df7-4023-af6f-91456f74e6fc"},{"clientId":"522faf35-df39-4020-966b-6f8c49ee32fa"},{"clientId":"31c9dfb0-3bc1-42db-8fde-ef8ee60f3d4f"},{"clientId":"7eb8e890-1116-4e13-966c-fb79b18b474b"},{"clientId":"e3957db3-0320-43f0-9a6b-a74572590a17"},{"clientId":"dbb68818-ef17-4675-98cd-faf6075a0388"},{"clientId":"eab50d16-084c-446d-8e36-ab8d7257ecee"},{"clientId":"f6881efe-9fa8-4f3b-a0fd-be3811f3080d"},{"clientId":"ccf26b24-c0a2-4344-b790-4fc2e6b234b8"},{"clientId":"bc1c1124-1b3a-4c55-a74c-a68aecb3c532"},{"clientId":"ac8f3b90-ec53-49ff-a470-e9b2f0bca756"},{"clientId":"d90b71b1-1769-4ed7-bd09-e12fca48d214"},{"clientId":"b6af5cb0-b802-4ef0-a5e4-61f31b57be89"},{"clientId":"a9344979-c8a2-421e-bbb1-c7bb0b201e25"},{"clientId":"14d6985e-a83e-464d-af01-0824151d9a63"},{"clientId":"0f5fa3aa-0922-44b7-9e22-bc992edc1ad3"},{"clientId":"d34af7b4-a8b5-4b2d-92d6-ed760ab9e12c"},{"clientId":"efd0b5fc-7438-4ba0-9ff8-5a7dfaa45980"},{"clientId":"d38b4d18-0eb6-4de3-ad5b-ab575a1f1973"},{"clientId":"bc167b83-f1fc-4444-b762-59d4881f8ec9"},{"clientId":"3420616a-aad3-466e-b948-56b2362025ae"},{"clientId":"48bd3457-6966-4022-af0e-d89e75e8ed73"},{"clientId":"e54a1207-1378-4e40-b1db-8f33be4ba760"},{"clientId":"55500c95-4eb5-42a2-b840-4057fc320469"},{"clientId":"b800a02e-d19a-4132-be58-a7b224c8c41e"},{"clientId":"704f626e-29de-450b-bb02-44d14e17d543"},{"clientId":"3237c1f2-0c1d-4d82-b325-defe2cfad23d"},{"clientId":"6008edb9-b496-489b-9eea-810d69b119b9"},{"clientId":"f19d4100-6753-43a3-ac54-2525239bbcb1"},{"clientId":"8b183590-e1e9-491c-a13f-4331612f01c3"},{"clientId":"760c7d7d-7d03-4fcc-a436-a0832cebc1f8"},{"clientId":"8606d922-916e-4519-9c7f-8b2f155a0ee1"},{"clientId":"b02266c7-88e4-4bd2-b57b-c3a9e90faa6f"},{"clientId":"bcf1502e-afad-439b-8a1c-eb59a5efbc31"},{"clientId":"6ecbee82-b795-4a98-9f14-9655e854cb0e"},{"clientId":"45e45dc2-6fa3-4a38-8bca-4923f8395bb7"},{"clientId":"99353e2f-744d-42a9-b92e-588ba947a26d"}],"root_group":{"name":"","path":"","id":"d41d8cd98f00b204e9800998ecf8427e","groups":[{"name":"setup","path":"::setup","id":"5c0f8025f7e0b6654089e5b00e950f1a","groups":[],"checks":[{"name":"status is 200","path":"::setup::status is 200",