{"state":{"isStdOutTTY":false,"isStdErrTTY":false,"testRunDurationMs":32515.548975},"metrics":{"http_req_receiving":{"contains":"time","values":{"avg":0.03898459495226778,"min":0.01063,"med":0.037409,"max":2.542444,"p(90)":0.05738460000000001,"p(95)":0.06576370000000001},"type":"trend"},"http_req_blocked":{"values":{"p(95)":0.002164,"avg":0.032961870733803,"min":0.000622,"med":0.001152,"max":73.057354,"p(90)":0.001843},"type":"trend","contains":"time"},"http_req_connecting":{"type":"trend","contains":"time","values":{"med":0,"max":71.124176,"p(90)":0,"p(95)":0,"avg":0.025464230220838286,"min":0}},"http_reqs":{"type":"counter","contains":"default","values":{"count":24407,"rate":750.6254936296981}},"http_req_waiting":{"type":"trend","contains":"time","values":{"p(95)":137.0174428,"avg":122.92011870217578,"min":1.089291,"med":122.147513,"max":171.275492,"p(90)":133.5279722}},"data_sent":{"type":"counter","contains":"data","values":{"count":6692440,"rate":205822.75898664878}},"http_req_duration{expected_response:true}":{"type":"trend","contains":"time","values":{"min":1.13695,"med":122.201694,"max":171.313494,"p(90)":133.5824366,"p(95)":137.0794304,"avg":122.97127084164389}},"iterations":{"type":"counter","contains":"default","values":{"count":24306,"rate":747.5192874242407}},"vus":{"type":"gauge","contains":"default","values":{"min":0,"max":100,"value":100}},"vus_max":{"type":"gauge","contains":"default","values":{"value":100,"min":100,"max":100}},"http_req_tls_handshaking":{"type":"trend","contains":"time","values":{"min":0,"med":0,"max":0,"p(90)":0,"p(95)":0,"avg":0}},"http_req_failed":{"type":"rate","contains":"default","values":{"rate":0,"passes":0,"fails":24407}},"http_req_sending":{"type":"trend","contains":"time","values":{"p(90)":0.025171000000000013,"p(95)":0.028339300000000005,"avg":0.012167544515917594,"min":0.004438,"med":0.007815,"max":1.030691}},"checks":{"type":"rate","contains":"default","values":{"rate":1,"passes":24407,"fails":0}},"iteration_duration":{"contains":"time","values":{"avg":123.60312161592894,"min":1.349608,"med":122.34230199999999,"max":2416.763341,"p(90)":133.7174617,"p(95)":137.2599855},"type":"trend"},"data_received":{"type":"counter","contains":"data","values":{"count":23920709,"rate":735669.8488588259}},"http_req_duration":{"type":"trend","contains":"time","values":{"p(90)":133.5824366,"p(95)":137.0794304,"avg":122.97127084164389,"min":1.13695,"med":122.201694,"max":171.313494}}},"setup_data":[{"clientId":"8502b209-3006-40b5-a86a-aa26157f9bf8"},{"clientId":"c48a9ea6-97bb-49d1-b35f-74bcce054e1d"},{"clientId":"85a1ab90-607f-49c0-be42-f472d7141a81"},{"clientId":"f078edb9-95ae-4722-90bc-876d90384fc7"},{"clientId":"3674d4f8-c97f-4d18-9596-8a389b5e86d0"},{"clientId":"c4b84124-7e66-4811-9dd0-841010cfcab4"},{"clientId":"b6c03c6f-32fb-4237-9677-29f09a9f532c"},{"clientId":"ffeb37b2-c905-4393-a206-1d79deac8990"},{"clientId":"8f2e2a3c-251b-4f3c-97d2-c76e8631d18a"},{"clientId":"71611508-4ba9-4b70-9b73-1c103013f806"},{"clientId":"57e34d75-a928-4259-8db6-648e0a3c026b"},{"clientId":"f74e17ea-8836-4796-a1a1-ad113a7252ae"},{"clientId":"2cf87722-8086-4417-a482-58dfa51f4d05"},{"clientId":"ff334566-7a30-472c-a3db-d9fa914af8ab"},{"clientId":"c33504fd-3695-434f-a7f4-c48763f50aba"},{"clientId":"c3fa4524-2df1-4028-8774-2def9e24d7f7"},{"clientId":"6be94357-ea5d-478e-8347-55c8b2e083cc"},{"clientId":"c7a1341d-7249-4631-929c-aa14f92fcbb6"},{"clientId":"1cc6bb9a-eeb2-465e-9599-5b99eef1c3f5"},{"clientId":"99169a5b-2cf3-4d41-8e11-85b9c45edbb5"},{"clientId":"d5743b40-eafc-4bff-b0a5-9112978fd037"},{"clientId":"ad24f040-f097-4fb0-9fb8-e474929f0219"},{"clientId":"2d782517-b997-4600-bc8c-0bc7d715a6da"},{"clientId":"38568096-7426-4b54-ac6a-dc2e0a597069"},{"clientId":"89d63001-3534-41f9-a168-19c46d863696"},{"clientId":"98116a48-1742-43d8-88fc-e0eb4f3df1c6"},{"clientId":"4fb17bee-18d4-4353-8d3c-1cdcc2ab796f"},{"clientId":"72f1a935-4281-4baa-aceb-9b8eff20fcf8"},{"clientId":"4016ed45-be22-4228-8da3-c51da01b0c9b"},{"clientId":"0fee39ad-e6ee-433f-8acd-2e97a2c2d9d1"},{"clientId":"a6026589-e3ef-459d-87e0-b3f1be99f365"},{"clientId":"fb3bb06a-2e65-46c8-89c5-d8c51ce4e654"},{"clientId":"98a39de8-b203-40e8-b85a-da649437f691"},{"clientId":"339f2e82-ce28-4dde-b24a-7a3557772037"},{"clientId":"eb11bd6f-6a84-490c-b033-cc9d0a848ddd"},{"clientId":"108eff5c-fc2f-4b20-baa5-56aa9b734e48"},{"clientId":"1b61a56c-15b7-489c-b6c5-6cb395235a5d"},{"clientId":"dbd87b75-103f-41ee-a800-a2c4741183be"},{"clientId":"58fa0e8b-29d1-4534-a6c0-91e07c5723c1"},{"clientId":"5784b835-8fa5-439c-b182-0b27a8ba8c38"},{"clientId":"9aac25cf-5b4b-413d-91f5-b99c962b0b03"},{"clientId":"ecec15a2-fb36-4726-8a94-e40fbefd1063"},{"clientId":"0528ab14-8e2f-47bb-a853-258b226b1bbb"},{"clientId":"73125c65-6dd6-47ab-98f5-b246f18b60ad"},{"clientId":"f11f3d6f-3633-456d-acfa-80217cce18d9"},{"clientId":"a581f478-3bb3-431b-bc66-75ba5a08d710"},{"clientId":"fd539ca5-faef-43e5-a9c6-374e8e7703d4"},{"clientId":"9cff226b-97e6-4f61-b9fd-a5b5c52a7f51"},{"clientId":"57f58eb1-deb9-4098-97ef-68b3013a273a"},{"clientId":"da7a37cb-ca0a-407b-8fd6-548309f79622"},{"clientId":"c7557702-28c8-4660-85f3-550dd7f5eae6"},{"clientId":"8191a77b-e118-4759-93ac-7880cb451b8f"},{"clientId":"fdb93667-8179-4f94-8549-18f5ade0b78c"},{"clientId":"316e6928-2c44-4e3c-8fdf-db06d2718aec"},{"clientId":"6380f106-41d8-4c5f-b234-c288d34f8cd9"},{"clientId":"65e89432-786e-4dc9-bced-8c30c00758ee"},{"clientId":"f21d7830-1cff-459f-ac3c-49fc6db9c085"},{"clientId":"eedc0f41-695c-4d48-80e4-28ead9872b57"},{"clientId":"d3564da6-904d-4912-8887-6eae5e174794"},{"clientId":"4e0f4b81-4823-42d4-ba1a-06819da2f31e"},{"clientId":"cd856c70-6c01-4752-bb47-ecf34d984b42"},{"clientId":"612e07b8-7242-43e4-a70e-138e7b52be79"},{"clientId":"008da26d-3ad4-4c68-9ac1-68ea129bfc30"},{"clientId":"1c2b55ad-7b25-4465-8472-e340f4300577"},{"clientId":"a67c203d-4f69-4baf-84d3-de9e3093808e"},{"clientId":"0a0c36f4-3dc1-4095-b6b6-57fa356ebc2d"},{"clientId":"6e035cc8-2c62-40af-b38e-b24c9407070a"},{"clientId":"e67e0ccf-6906-4732-85b5-2149458d5109"},{"clientId":"92872a61-a5aa-4751-af55-151b08d243f8"},{"clientId":"0a4bc786-d350-4f1f-9346-7437574a15c7"},{"clientId":"c42878ed-168f-40fc-bc61-3434e94b15b9"},{"clientId":"d9028aaa-93b3-4017-8722-97196e93eee7"},{"clientId":"558c7985-c1e9-4937-839c-101e8bcb2894"},{"clientId":"e5bd78d1-202a-4c8d-a7d7-1459756620a9"},{"clientId":"f2d0f796-b159-4458-8afe-908c2e762b1f"},{"clientId":"c0945be4-6f58-471c-bfce-c087b1f347ab"},{"clientId":"3be17eb4-0270-4cb8-9309-8f8a98da94c5"},{"clientId":"bb2817e7-1df6-4834-94e2-1d5fa899c53c"},{"clientId":"eb3b7ec2-8145-4ef0-8eb0-4c8d6f0a7346"},{"clientId":"141c2924-b955-4627-9fc2-3b9775a3e3bd"},{"clientId":"f61ef226-0d17-4bed-8a1e-c7e6b2faefe7"},{"clientId":"11e511bd-97bb-453f-94f6-f98cb5bba427"},{"clientId":"8b32207f-5805-4719-97f1-17e42e23e973"},{"clientId":"bf7d59e6-0aef-4b7d-8c06-b0bce07b7515"},{"clientId":"9a67c8d9-c3f5-466c-b77c-49b00dc8d2f5"},{"clientId":"70bc5950-865b-49dc-a386-146969594158"},{"clientId":"aa0d6a81-a47e-4b51-9a76-49c250d9ad8d"},{"clientId":"de3176cf-ffd1-4e87-9b31-2e16dc079d16"},{"clientId":"f059eeb2-1229-4779-a587-3923224ea8dc"},{"clientId":"23b58d83-055a-4179-84ba-58521423cfae"},{"clientId":"29f7513c-85d2-4cc3-9f6c-f85b1de9193b"},{"clientId":"045da239-657a-49a6-b3b6-7d8b172ab3cf"},{"clientId":"8f8c9b17-9509-4eba-b6dd-9c02d8443076"},{"clientId":"febeec5d-685b-4849-a5e8-c2f33e02e669"},{"clientId":"8fae9655-b4f9-4af3-b6de-db2e90099ab5"},{"clientId":"2a3694b2-ed0c-4a59-b152-6a9fe670c941"},{"clientId":"1ae73529-5a72-4fbf-91fe-1893387314b5"},{"clientId":"e7babb99-b7c5-4071-9c47-4c8f10ce2499"},{"clientId":"49554ceb-1674-4729-9def-943679d125e2"},{"clientId":"cf2442d2-3887-40c0-83c0-e19621915569"}],"root_group":{"groups":[{"path":"::setup","id":"5c0f8025f7e0b6654089e5b00e950f1a","groups":[],"checks":[{"passes":100,"fails":0,"name":"status is 200","path":"::setup::status is 200","id":"6a0be71c20f269f0733a66d88d45f346"}],"name":"setup"},{"name":"teardown","path":"::teardown","id":"a8a9942382e8ffe2e56ef29e664b8229",