{"state":{"isStdOutTTY":false,"isStdErrTTY":false,"testRunDurationMs":63131.483505},"metrics":{"http_req_receiving":{"contains":"time","values":{"p(95)":0.0708378,"avg":0.051504307750615846,"min":0.0209,"med":0.043927499999999994,"max":16.364617,"p(90)":0.062362700000000014},"type":"trend"},"http_req_tls_handshaking":{"type":"trend","contains":"time","values":{"avg":0,"min":0,"med":0,"max":0,"p(90)":0,"p(95)":0}},"data_received":{"type":"counter","contains":"data","values":{"count":43005250,"rate":681201.3216289142}},"data_sent":{"type":"counter","contains":"data","values":{"count":2349812,"rate":37220.92163118415}},"iterations":{"contains":"default","values":{"count":10452,"rate":165.55923320211863},"type":"counter"},"http_req_waiting":{"contains":"time","values":{"avg":570.7107957498558,"min":2.488202,"med":575.293721,"max":694.877658,"p(90)":606.0608982,"p(95)":616.21906155},"type":"trend"},"vus":{"type":"gauge","contains":"default","values":{"value":32,"min":0,"max":100}},"http_req_connecting":{"type":"trend","contains":"time","values":{"p(95)":0,"avg":0.1378053398711389,"min":0,"med":0,"max":29.182898,"p(90)":0}},"checks":{"contains":"default","values":{"rate":1,"passes":10454,"fails":0},"type":"rate"},"http_req_blocked":{"type":"trend","contains":"time","values":{"avg":0.14680379287473894,"min":0.001353,"med":0.002355,"max":32.911676,"p(90)":0.003005,"p(95)":0.003637}},"http_reqs":{"values":{"count":10554,"rate":167.17490884186375},"type":"counter","contains":"default"},"http_req_sending":{"type":"trend","contains":"time","values":{"avg":0.031919064430547685,"min":0.008706,"med":0.020648,"max":24.180745,"p(90)":0.024245700000000002,"p(95)":0.03118885000000001}},"iteration_duration":{"type":"trend","contains":"time","values":{"min":3.192048,"med":575.7763084999999,"max":2616.649695,"p(90)":606.451652,"p(95)":616.53433,"avg":576.5777993623489}},"vus_max":{"contains":"default","values":{"value":100,"min":100,"max":100},"type":"gauge"},"http_req_duration{expected_response:true}":{"type":"trend","contains":"time","values":{"max":694.947419,"p(90)":606.1229106,"p(95)":616.28469435,"avg":570.7942191220385,"min":2.563295,"med":575.3642315}},"http_req_duration":{"type":"trend","contains":"time","values":{"med":575.3642315,"max":694.947419,"p(90)":606.1229106,"p(95)":616.28469435,"avg":570.7942191220385,"min":2.563295}},"http_req_failed":{"type":"rate","contains":"default","values":{"rate":0,"passes":0,"fails":10554}}},"setup_data":[{"clientId":"35eb8f78-ff0b-4a4d-9388-56ebabf40b4a","version":"12d29839-d90a-4cbb-9ae8-916098d9fb8a"},{"clientId":"c052d27a-9b9d-4703-98b2-5490495446cb","version":"6ac0c304-b7fa-4d31-908e-cc094406765d"},{"clientId":"66e9ba4b-3a4a-4c0f-a48e-521a5ffc719d","version":"8dd33e46-ce08-4a09-8a2c-e6d7727d2435"},{"clientId":"753389e1-7b67-44ec-b184-ae809cbd4f06","version":"20e04c85-b577-4e3d-a6ba-3672269a4676"},{"clientId":"82e20870-6933-4719-8ca9-e79fcbcc8f8b","version":"f50d988c-e8ce-4f80-89fd-458a77259079"},{"clientId":"8f0c0515-9c1b-4a1e-b6ec-3fd4f2c7f2e0","version":"a2430ba6-c9a1-4371-aad7-9a540ecda4bb"},{"clientId":"328f0931-62b4-4f75-bf0a-263dbd4cde09","version":"9983cba7-f9b8-4ef4-ae0a-092596a46c86"},{"clientId":"e114d7c1-fa49-49a6-b9a2-41703e377fd6","version":"a0ccd67f-b945-4e80-a3df-27f376d02292"},{"clientId":"a74c7aa8-5aa1-4610-9af0-56a2cf24312d","version":"b382c643-bdfe-4714-ba47-3ded4580c8f1"},{"clientId":"84d5eb40-6b2c-40b9-a24f-ecc04887ca95","version":"1fd94607-3cc3-4731-afed-c86fc43ad036"},{"clientId":"ea8f454d-aac9-4332-a293-383846918cc2","version":"4f7dd882-f4c6-46d5-9cae-9f05f38f4f80"},{"clientId":"95e66fdf-3425-429f-8cb5-6afe8686ea23","version":"efadae38-6cdc-4c36-afc2-4c075bc938ba"},{"clientId":"ad3d5b34-4b0d-421b-af06-5f6c4e2fc756","version":"df8b0177-562c-48b2-a1ef-aa0cd7e6eb52"},{"version":"9ab8e9c7-bba1-491f-baad-937c95a2bd22","clientId":"4a74f52a-b94a-4925-9197-9698a6820326"},{"clientId":"ca65896a-6a1d-443c-be3d-7181ac3a2478","version":"9445ebdb-9382-44a6-87a4-b4884f1a49a5"},{"clientId":"f4450c96-f6a9-4537-bb4a-8e26a6d6771d","version":"9748ecce-6616-467c-8c37-de5823b20efe"},{"clientId":"cec0c779-3f7f-422c-83d6-ec064bfaee56","version":"d2e25df6-4c36-42ec-b2f8-51ab2d2840db"},{"clientId":"61c28241-d11a-4e95-b4f2-f6418a5469d0","version":"58f2b7a9-d2f8-4f77-af48-a694bad51bea"},{"clientId":"bd95e6ec-2a5f-432e-b3c0-345835a0d411","version":"5e215412-6a3e-403b-8d4b-56633befff50"},{"clientId":"8f53b6f1-c253-4758-a079-5bd7e096b3d7","version":"cd8746b6-8456-4425-91e2-f7889ebf9875"},{"clientId":"e11c0129-a31a-43fb-97b0-d48ef161f975","version":"e9be2f55-5848-4acf-ae2d-a7f697727a83"},{"clientId":"f705578f-7b94-4130-9d21-9f28093dac63","version":"28ff2a24-925e-45b4-844b-398dd056dc26"},{"clientId":"feb1e61c-ea94-4370-9446-1608331baa45","version":"3f07459d-7e5c-4005-878a-e4b7eeba983e"},{"version":"f9679bca-bb0c-4b8e-9b63-b00760c81153","clientId":"d4b1079d-15d4-4f54-a484-207ed03910b0"},{"clientId":"a76296ba-99c9-4f6c-b0a0-b80212fb8297","version":"bd55da2d-b357-44b4-90a2-853196083901"},{"clientId":"3c2731f7-748f-4267-a1b4-2d7db956e109","version":"4e1e5712-e706-41ca-a1f9-3577d5c158a9"},{"clientId":"65dff548-f853-48ca-aaf4-7b94b0029d0f","version":"7c2dc8db-a122-46dc-ba58-6648bbfdf519"},{"clientId":"79148605-9173-4916-806d-3fdf34a1f752","version":"fdf1d31d-7e9e-4df3-a9a6-b3f4eb1fb3cf"},{"clientId":"4a43a559-115f-4978-95a2-b1bf66146179","version":"d2c329cf-b9fb-4d41-b6f3-0b34ad7cbb01"},{"clientId":"94db855a-2484-4755-ab8a-8b9652deaf45","version":"156e1521-8483-4fe8-8720-2d470e83382d"},{"clientId":"378a71f4-0f9a-4ced-85cb-d0ea01da3a2f","version":"aca76a8e-011c-4fe0-b507-d50fb5eedc4e"},{"clientId":"ed98110b-55dc-4e55-8e6e-f771b525d8d0","version":"9e47ef9f-4840-4952-bcd5-abc037c076cc"},{"clientId":"3d4c86fe-69d1-429e-af80-e86448212024","version":"72c129e6-369e-406c-886a-5e72ae1e985f"},{"clientId":"af388151-b86d-40a3-816b-294443e8ba96","version":"b97a89e6-c589-4d74-b81c-4b9e022c12cd"},{"clientId":"07d9242a-8433-4be8-a56e-20a6a9d56535","version":"f955f1ad-4436-4c4a-8c2e-11855e3a9266"},{"version":"ce2e8e40-d845-44fd-8063-64e517351d43","clientId":"b9b428e0-ff7c-4dd2-a917-707382f636d2"},{"clientId":"6c165be6-87e4-4061-9175-56e65d36ac71","version":"dcf6b363-8ba0-45de-8476-f996697f129c"},{"version":"4ff6ce81-27f0-4d6e-ad32-2c035c31ddc4","clientId":"2f6193a1-0f6e-440f-b0b3-4dbbefa294e8"},{"clientId":"c2420ebc-531b-4812-ac49-af22e8db8ee2","version":"736ea32f-264a-46ba-b5dd-1b9b34d8029d"},{"clientId":"b753033b-6877-4f62-b607-463b22db66d4","version":"0ff04ff2-2d57-47b3-9291-a02e386e0629"},{"version":"54085ee1-f9ec-4ec7-b5c6-a5d2907fa8bb","clientId":"6dc91a99-715c-4651-b0c8-64ebdae25bad"},{"clientId":"cbef99a0-e315-451f-b2ce-4380dc5fb673","version":"49b2ef9f-affa-47cd-aacc-35946d0ded93"},{"clientId":"97b1c98f-819b-4404-9db0-22d7248f5141","version":"d4f73619-5136-4626-9c1f-0ad096679c0e"},{"clientId":"4d366255-e9f9-4a63-9613-113f6ecbe26a","version":"43093b6a-624f-49e9-a8c2-46a8f687594a"},{"clientId":"eaa6d0a9-169a-44be-a3d7-2df82271d248","version":"35f459f6-e985-46cd-af5b-bed1eae8048c"},{"clientId":"4b962a24-530f-4588-90ed-882bc94f09f3","version":"a01612d9-ae1e-4e14-bbce-e75743a95dc6"},{"clientId":"9bbd9c7d-2f98-4a6e-985b-ddecbd34579a","version":"16e53040-418f-427a-977e-d31e5f2c90ab"},{"clientId":"30100947-ae02-4995-a196-a18d8da9d1a4","version":"30199f54-576f-4d4d-91e2-86562a588b77"},{"clientId":"67440e95-ab0b-4d07-92c9-10838e3c4215","version":"61b47e6c-9b69-4321-89af-236452dd21c2"},{"clientId":"10c77b24-fdfc-48b2-8499-3da6f1a92c0f","version":"20fc74cf-f024-465d-9c15-d7e65b09c7f4"},{"version":"757587c2-b2ab-43f4-b208-a16ef8c2a0d2","clientId":"985dc7fe-52be-4c8b-a620-c866a23229df"},{"clientId":"c49f3afa-0265-4488-9480-226f1a9ca207","version":"a948c8f3-3763-4e55-801b-aa2eb7f4fa32"},{"clientId":"1cead4e2-144a-4f15-ac95-dca3f7734ecc","version":"3dc780e1-8db4-43f3-931c-406365ce7a93"},{"version":"10f6ac94-748f-4cf4-a096-040b25432baa","clientId":"30be15cf-f083-42ed-9f6f-004944739445"},{"clientId":"7f6acf6c-9b27-469a-bff2-980ac5c452db",