{"options":{"summaryTrendStats":["avg","min","med","max","p(90)","p(95)"],"summaryTimeUnit":"","noColor":false},"state":{"isStdOutTTY":false,"isStdErrTTY":false,"testRunDurationMs":61020.518801},"metrics":{"iterations":{"type":"counter","contains":"default","values":{"count":23481,"rate":384.8049879185097}},"http_req_receiving":{"type":"trend","contains":"time","values":{"p(90)":0.0499538,"p(95)":0.05609499999999998,"avg":0.03925674965017175,"min":0.016701,"med":0.036959,"max":0.690139}},"checks":{"contains":"default","values":{"rate":1,"passes":23483,"fails":0},"type":"rate"},"http_req_waiting":{"type":"trend","contains":"time","values":{"avg":254.6034989737969,"min":1.514999,"med":253.96161,"max":342.501467,"p(90)":269.15409,"p(95)":280.24204689999993}},"data_sent":{"type":"counter","contains":"data","values":{"count":5255278,"rate":86123.12879768365}},"vus":{"type":"gauge","contains":"default","values":{"min":29,"max":100,"value":29}},"http_req_sending":{"type":"trend","contains":"time","values":{"p(90)":0.021821,"p(95)":0.023854099999999982,"avg":0.04061634677521918,"min":0.007895,"med":0.017663,"max":19.100409}},"http_req_connecting":{"type":"trend","contains":"time","values":{"avg":0.10329461035491667,"min":0,"med":0,"max":46.469227,"p(90)":0,"p(95)":0}},"http_req_blocked":{"type":"trend","contains":"time","values":{"p(95)":0.002865899999999998,"avg":0.10695624610948487,"min":0.001022,"med":0.001924,"max":46.512669,"p(90)":0.002615}},"http_req_duration{expected_response:true}":{"type":"trend","contains":"time","values":{"max":342.560769,"p(90)":269.2126598,"p(95)":280.30368569999996,"avg":254.68337207021995,"min":1.582007,"med":254.021161}},"http_req_tls_handshaking":{"type":"trend","contains":"time","values":{"avg":0,"min":0,"med":0,"max":0,"p(90)":0,"p(95)":0}},"http_reqs":{"type":"counter","contains":"default","values":{"count":23583,"rate":386.476556794098}},"iteration_duration":{"type":"trend","contains":"time","values":{"p(90)":269.453083,"p(95)":280.5263258,"avg":256.00481556841225,"min":3.340004,"med":254.215216,"max":762.083076}},"vus_max":{"type":"gauge","contains":"default","values":{"max":100,"value":100,"min":100}},"data_received":{"contains":"data","values":{"count":15155940,"rate":248374.48612042324},"type":"counter"},"http_req_duration":{"type":"trend","contains":"time","values":{"p(90)":269.2126598,"p(95)":280.30368569999996,"avg":254.68337207021995,"min":1.582007,"med":254.021161,"max":342.560769}},"http_req_failed":{"type":"rate","contains":"default","values":{"rate":0,"passes":0,"fails":23583}}},"setup_data":[{"clientId":"15ad358b-f004-4862-a3cf-3d79a0755e88","version":"82e26053-a845-4697-9af8-77d6d5ade0b5"},{"clientId":"9c7534f9-344b-4078-865f-dd1e8be98b77","version":"d555559a-1116-4580-b50e-282d2df50c6c"},{"clientId":"e489c5c6-8cdb-4af1-bfe8-2f3b51db5d61","version":"4b48f2b9-f169-4bd2-8516-73c1860775a0"},{"clientId":"a8f894d5-a587-4899-9c4a-a2ea6632ce2e","version":"49e4b51b-547c-44b0-a7d0-56728e26ea1f"},{"clientId":"ae4c242e-fa1b-41df-a543-0772b2d6d98d","version":"817b4cb6-0035-4f65-8609-d945db60d724"},{"version":"2002323f-ddf1-4180-a3cd-dd46c4e6aa10","clientId":"f47e464c-fd81-4886-8dfd-8983f5a0eab9"},{"clientId":"972732d3-3d7b-49d1-98a9-d9eeb1fc8add","version":"7028ccec-7389-4563-9728-5a0580e33994"},{"clientId":"13538809-801b-4733-9ecf-a827e00c5a49","version":"bec34a49-c8ee-4231-9402-d3b50564ede0"},{"version":"f23a8362-8255-4995-95a9-2a498043986a","clientId":"73eec990-bc4a-4df4-b49e-b28658552a10"},{"version":"34a12933-7a1c-4881-a3e8-ad4ed59d479d","clientId":"596f94d9-69da-4088-aa43-31162de77f75"},{"clientId":"672933ef-a85e-49e8-a79b-bc22a2ff48ff","version":"306cdbd8-6f0e-4363-8a52-959299a4116c"},{"version":"fe909aca-83a2-42ef-98b0-1d9668900e01","clientId":"31c3c8a1-f236-4227-96a2-03c9958a003d"},{"clientId":"b2001f21-ec4a-49b2-9c68-e087375b6140","version":"4f9d1cbd-78eb-4eab-a794-23700d5f7af6"},{"clientId":"fbbe6a68-4e02-4738-9919-dd30a0e49a89","version":"898ef988-5ad3-4385-8089-821edf43fc6a"},{"clientId":"32d2e012-011c-4ff0-9436-e43ed0e1a39e","version":"2612a0a6-cd6a-42a5-a743-64a92edcde7e"},{"clientId":"64a94e0b-dd2e-43d8-bb79-8987d4586fad","version":"9859c15b-33ca-4f67-92d7-016320decd06"},{"clientId":"b36b25e4-3ed7-4c09-8734-7108f10a008e","version":"fe748f8a-3a9a-4d64-917f-77ce52baea56"},{"clientId":"365100e7-068f-4d64-8b2b-7e522f8d44bb","version":"ef00c52f-2589-4905-ae73-a184cfa902b5"},{"clientId":"a94554e5-d021-4b63-b874-74dcd89ca481","version":"3ce2af70-6592-45a8-8b6d-a2f75d015260"},{"clientId":"296fc0d3-01da-4e0d-ae21-bcc04643a736","version":"143da064-bc34-405b-ab42-96cc0be2c22f"},{"clientId":"aa710224-88dc-42e9-91ba-5a942281dfef","version":"e078654d-4aac-464c-a59b-bcd80b3cad14"},{"clientId":"d2c97bff-247f-491d-ae0f-5f431d1213f2","version":"d6e983a2-7d11-4082-828b-f2047144f3c4"},{"clientId":"46aa260a-7a6f-43c3-8b02-c0f822c873ed","version":"33612699-e2c5-4876-bdef-c4e04728c27f"},{"clientId":"1aab3b11-5b52-4f35-be03-689b4402ff54","version":"7f01d8a8-1d68-4548-b6fd-422219a418f4"},{"clientId":"044ee334-82e5-4834-ac59-84094efa6ce0","version":"1196f181-5160-4d3e-b5c1-4f1eb2cb6e51"},{"clientId":"87a1c087-7cd4-4b4c-a2b9-5e9f2ccc649f","version":"05a359de-3c56-4745-80f5-2a2a169147ac"},{"clientId":"20f0ffae-4df2-4414-87e5-4959b6c89a6f","version":"6ab274d2-efdc-497b-a6d2-1b42071a0b21"},{"clientId":"fa61af88-5295-4f2b-a0af-05593afbed5f","version":"7ffbe7dc-b57c-4fd3-88fb-a79bee948b79"},{"clientId":"419f7437-9afb-48a3-a1bb-f6a271bc9be2","version":"d5f56f38-be55-4824-aae3-927b781dd981"},{"clientId":"3c76643e-db78-4f28-a23f-1544c513c7db","version":"33074081-bf39-4c4b-91e7-5a476009b763"},{"clientId":"93aadf59-c4e4-4691-9377-b9f386fe57ed","version":"a27bcf75-de6b-4b0f-aff8-2f77c44098e7"},{"clientId":"8c4930be-fdb1-452f-a681-ba4b849ee565","version":"2aceaf12-133a-4662-895c-466c019ac1d8"},{"clientId":"9004a70b-bc50-4602-a857-627303f12486","version":"f0bde883-a440-45be-b735-16f2f73590d8"},{"clientId":"370aadbc-6ea7-4f9b-a1fe-14a218ffa345","version":"c8284fdc-a41d-4751-a969-d0b57ee5f819"},{"version":"92f83b12-ec1d-4c93-b8bb-244b038c1b9c","clientId":"83f522ad-f3b0-4135-90ad-b30a13aaee40"},{"clientId":"e1d8d4cc-40c0-4100-a1ed-ea6f39977a47","version":"e9435aeb-8727-496c-8414-926d67dfa127"},{"clientId":"8e50110b-dd99-4dcc-a822-dbf4ce95e100","version":"5f0a492a-a2e4-430b-84e4-c70cbcad3232"},{"version":"bc97d050-4e00-4e42-a5d3-8f92cc77b95c","clientId":"02c0832b-b275-4a4d-8740-2a6cc8c2c3e3"},{"clientId":"5e55bfcb-aef7-4893-a573-83c3b80ad8f3","version":"a6bf701d-08c3-48c9-b32a-47e5c9425adc"},{"clientId":"dc26f26f-6d31-47f6-a749-3b6095bf4cb1","version":"0f061cee-446d-4f53-a37d-6a5fdae4f742"},{"clientId":"1b15cae1-d454-4ba1-ad5e-3e0e8f34a5e5","version":"031b32ae-0e9d-47e5-a1d8-bca4b078a69f"},{"clientId":"1a9caa33-6a71-477f-a2b9-a7bcfb900e42","version":"e3a1a9e9-76af-4d01-b7b0-4a7c1f3b04df"},{"clientId":"354b70af-c446-4660-9d57-6fd6bc947df8","version":"4bc64d44-b524-4717-b24d-68f221f81c07"},{"clientId":"7c7dd94b-e6d1-4232-9276-bf618149b583","version":"1e941ea3-8e7f-4b68-aae3-2b6f5660616c"},{"clientId":"345d07e4-6047-435b-a928-d6a521634db9","version":"263e1345-6dd9-4aea-a53b-44532e664387"},{"clientId":"60a3d6ff-59cf-4db5-8200-0713f74bc27e","version":"bda290fd-387d-4244-a1aa-547a0b0e6ae6"},{"clientId":"d6002a67-9f3c-49b6-a678-ffa8be9b9365","version":"5add1734-c767-4cdb-b381-33bf8fc429bf"},{"clientId":"036e3852-7768-44a3-b7c8-4419539757f4","version":"6dfafb73-7ed4-43fa-b6cc-b60888882032"},{"clientId":"bde0489e-15b8-4417-8e08-15b5e3733c75","version":"6f46ead4-51cb-4819-8de0-eaae1626c568"},{"clientId":"8052e07f-585b-4e78-8b88-3557ced4b969","version":"f19319ab-287a-4b64-b2ce-bebb4a32bbec"},{"version":"eb5d6320-4a1d-457d-a2fc-82465be0a308","clientId":"593b015d-cba4-46c1-bae3-bd3b36850ebd"},{"clientId":"6d7504dd-f75a-44d1-9ebf-d9d59ec11fd9","version":"47b7b5ec-1b47-4950-be91-fbd9c6da2efe"},{"version":"f9b971f6-e109-47df-aea7-fed5854fda3d","clientId":"7459cfe4-d9d4-4d14-8553-4524f1279efe"},{"clientId":"3e874f35-6472-40cc-be3a-08188f213fa4",