{"state":{"isStdOutTTY":false,"isStdErrTTY":false,"testRunDurationMs":64024.675016},"metrics":{"http_req_waiting":{"values":{"p(95)":9929.9975092,"avg":4299.6793017736145,"min":5.328339,"med":3284.925368,"max":10330.096988,"p(90)":9774.534475800001},"type":"trend","contains":"time"},"iteration_duration":{"values":{"avg":4942.607682711741,"min":7.169316,"med":3378.747021,"max":29684.547216,"p(90)":9836.3823736,"p(95)":9990.2279178},"type":"trend","contains":"time"},"vus_max":{"type":"gauge","contains":"default","values":{"max":100,"value":100,"min":100}},"http_req_duration{expected_response:true}":{"type":"trend","contains":"time","values":{"avg":4299.91606961319,"min":5.46298,"med":3285.015337,"max":10330.175766,"p(90)":9774.617671200001,"p(95)":9930.0641942}},"http_req_failed":{"contains":"default","values":{"rate":0,"passes":0,"fails":773},"type":"rate"},"checks":{"values":{"fails":0,"rate":1,"passes":673},"type":"rate","contains":"default"},"http_reqs":{"type":"counter","contains":"default","values":{"count":773,"rate":12.073470108310966}},"http_req_duration":{"type":"trend","contains":"time","values":{"avg":4299.91606961319,"min":5.46298,"med":3285.015337,"max":10330.175766,"p(90)":9774.617671200001,"p(95)":9930.0641942}},"vus":{"type":"gauge","contains":"default","values":{"value":5,"min":0,"max":100}},"http_req_tls_handshaking":{"type":"trend","contains":"time","values":{"avg":0,"min":0,"med":0,"max":0,"p(90)":0,"p(95)":0}},"http_req_receiving":{"type":"trend","contains":"time","values":{"avg":0.18617567917205685,"min":0.014788,"med":0.071033,"max":5.81454,"p(90)":0.47909080000000115,"p(95)":0.7915541999999999}},"data_sent":{"type":"counter","contains":"data","values":{"rate":2585.815546250363,"count":165556}},"http_req_blocked":{"contains":"time","values":{"max":64.174073,"p(90)":0.5720416000000034,"p(95)":2.7185147999999986,"avg":1.0423639443725745,"min":0.000742,"med":0.002284},"type":"trend"},"http_req_connecting":{"values":{"avg":0.8019308318240622,"min":0,"med":0,"max":64.117087,"p(90)":0.48764820000000053,"p(95)":2.6171837999999985},"type":"trend","contains":"time"},"http_req_sending":{"type":"trend","contains":"time","values":{"min":0.006031,"med":0.027451,"max":0.994369,"p(90)":0.0618638,"p(95)":0.1862141999999999,"avg":0.05059216041397147}},"iterations":{"contains":"default","values":{"count":671,"rate":10.480334337227243},"type":"counter"},"data_received":{"type":"counter","contains":"data","values":{"count":190436920,"rate":2974430.0920295045}}},"setup_data":[{"clientId":"dfb9dcdf-7122-49ca-926a-7c6518c96641","version":"4a464929-ce88-49a1-82d2-ccc59e902f82"},{"clientId":"fd58f19e-289e-467c-b85c-2b66f17607b7","version":"c15454e7-2d97-4e33-a274-8e9598465a6f"},{"clientId":"aa78c91f-604a-4a92-9138-98850d1c6c4f","version":"a6b17c88-2229-44c2-a8ea-3f068765e35c"},{"clientId":"db1506be-5abe-4703-a78d-dea5391587a7","version":"2cfb1905-497d-4dfa-859d-98add4d4672c"},{"clientId":"9a3f9c21-40e5-476d-baed-8a24113bf27f","version":"c2540bc6-25b4-4d77-aabc-da4b9480eea5"},{"clientId":"31c9e3d8-ac84-47dd-87b6-73cc841220ea","version":"1b1276f5-a93e-4e74-8b7d-a6c4ddec8311"},{"clientId":"610a6d59-7c75-4680-a8a8-bf6fd0fbc441","version":"830cb1b3-6920-42dd-8216-809f24145bb6"},{"clientId":"d3928866-395d-4216-9277-1959a601f5a8","version":"d17a4fc6-bd29-4743-9320-ecff0f79653e"},{"clientId":"c75bbe5b-54b7-4382-b6e4-bf03a304d38c","version":"187775c5-b198-4569-b35d-ffe572a50324"},{"clientId":"069838a0-5513-4295-b10d-8dbb3d1f2982","version":"3aa6301d-87b3-480e-8f9a-f6fafae9002d"},{"version":"8a896167-e5ed-44c0-b6d2-208ac3c538d9","clientId":"0786e401-f696-4c2e-b177-4c22c4fd5c43"},{"version":"231aa93b-d4ab-41cc-9ef2-ca8c0fa0fb61","clientId":"44e81f73-ffd9-4e80-a35d-e12d55cca638"},{"clientId":"3fd68edd-e57b-4ec9-8eae-fa69564a8125","version":"b18893aa-8ffc-4c06-8ba5-f882986bb9d2"},{"clientId":"efe019ac-6d27-4acf-872b-41eded27bed3","version":"d822c667-8d19-4544-92ac-313583876aff"},{"clientId":"f20189f0-1f85-4fde-a368-1c0b9be4ab17","version":"0e0eab57-64d2-4ae2-9438-6968111f20c1"},{"version":"22abf6c4-d93f-4ced-bbeb-1f99cb748aee","clientId":"374a649a-5589-471f-9ec4-73f201f71400"},{"clientId":"2fdf5c59-2f3b-421c-8559-a859a6eb584a","version":"bf879a1b-ad03-4a50-a55b-86792d29134b"},{"clientId":"6eef1fe4-a13c-43b6-86c0-ecf11cff18ae","version":"b4c2f2c0-2442-489d-8c8c-80200c6a7cf4"},{"clientId":"837eccca-e336-4ab8-a56e-291c27bc6194","version":"906f94e0-a990-4810-95f8-5ee7457514bd"},{"clientId":"2b226c32-298a-47df-91a4-b82600b66f2a","version":"33b75f1a-942a-48e8-a5a8-3c25dc67f05a"},{"clientId":"97a5169a-80c6-4123-ad85-f6a94754e31e","version":"aabb8d1b-cb31-4fa2-a47e-f79b6ebf1615"},{"clientId":"759cfd2a-e971-46f4-815c-b379ac481a90","version":"24212453-2ba9-47cb-94cd-6e9c51c9f7a6"},{"clientId":"2cb9550c-8207-4416-bb17-c9fc2d1520a1","version":"78a2742a-8dd9-4710-94e7-1a622f9abb16"},{"clientId":"9ef42cb8-f226-4b2e-b02a-271ccc52d0b2","version":"2fe5afc7-7965-41cf-9172-bd9303f174aa"},{"clientId":"d5bf8d0e-55f5-43e7-a40e-33c4efc2125c","version":"ae1489d1-f516-40ad-9b0c-8cdcaaeef974"},{"clientId":"698ccf28-478a-4c21-a0ab-58848f29f8a0","version":"87cfbbac-d455-49e1-815a-3973f1214b6a"},{"version":"6c17b810-cf84-4900-8004-8ba50f8dd93a","clientId":"1e075813-749a-4db2-b731-6ef5e8c7428f"},{"version":"3f61396e-b56d-483e-9e16-ab30c090e2c3","clientId":"bc9f20fb-9c0c-45bb-b27a-852e858d9dec"},{"clientId":"67496f05-6468-4deb-aca9-e0beead7d4f1","version":"bcf5b520-4504-4963-98a6-232bad0ad326"},{"clientId":"64496049-c010-4221-98c6-414240aac880","version":"972c432c-e7fd-4b8b-a402-f7a202df418f"},{"clientId":"381716e2-28fd-4fce-83fa-d40718a0253c","version":"45362bdb-7ad6-4d19-80c7-5d9f97437781"},{"version":"288c6b5e-c4e4-4153-a78b-c334908e5588","clientId":"7b2a8280-a5d7-4720-814c-6baf3756b361"},{"clientId":"0a6f733f-c5a5-49c6-861e-c5d096d65b56","version":"5096adff-60be-4e53-92b4-641750a27ed1"},{"clientId":"3ae611b7-53f1-4a69-a52d-8e2164554f62","version":"87a2ab64-48b6-421e-a0e1-ac7042733686"},{"version":"e844fb67-a25c-4472-893c-ed213aa031d1","clientId":"de9b581b-d55a-45d7-b582-170e78c3a740"},{"clientId":"dbb197db-f1df-49dd-b4d3-5386736c1fce","version":"4335a64a-bcc8-440a-84f2-1c9e293e9dd8"},{"clientId":"9f22eb2d-b2a2-4fd2-875d-c05ebfce9f12","version":"3588c98d-69a3-4822-a253-29be559090fc"},{"clientId":"1ddeb7be-3d13-4f93-9e4e-06b3590626a5","version":"435b2de3-308e-4b35-819a-2532cf95e8b2"},{"clientId":"be7010a8-1173-4788-b808-e96eb87cf78e","version":"dc18560b-6887-4c03-925b-fa711bde03ea"},{"clientId":"930fa6b5-a640-422c-bc22-f56d4e14fd1a","version":"9074e948-9cd3-4698-b3c2-2312c62a2e73"},{"clientId":"672be910-dcf7-4aea-a50f-aa57f639ca33","version":"4c4af26e-bbb6-40d1-a48a-02c42843f4e2"},{"clientId":"9f2a0d0e-faa1-4050-a112-d5b6a3330567","version":"cad0eb3a-2ab6-4938-9f09-d14369b50512"},{"clientId":"1796fbae-80c8-45cf-98b0-125dd1ba0c66","version":"5be45084-5b16-40a8-9e9b-f9788636329c"},{"clientId":"a867b7b1-9ab4-4d9f-91b7-f4b113c1d7b2","version":"ee8d92d5-492c-4dd5-b7bc-10985b0a6939"},{"clientId":"a2964638-8c13-4123-8251-a093a137fdc7","version":"e60fe0d0-0ac1-4859-952d-968b4077b2d2"},{"clientId":"3aa7980c-4752-4c7e-9e8b-308feeb7a14b","version":"d0d67d33-075b-4c00-bc11-71697354e4d7"},{"clientId":"bbd53b85-2246-4347-87a5-088b41589db0","version":"ce7b9012-0fa2-4afd-8b40-ffd1a671ffcf"},{"clientId":"5d2a9e31-cf51-49d5-a5f6-22de8c90c6b4","version":"6fb33a7b-2224-45af-8560-6e5d1917f4ef"},{"version":"329f6d58-b987-4437-8ecf-6968a8331112","clientId":"d9dd64d8-59e5-420c-8b1e-f802bff2f15c"},{"clientId":"5a8e3a50-f777-4757-829d-065375d90db3","version":"8ab9c448-01e9-4cf7-97a5-34767a35f3d0"},{"clientId":"c1ffb222-4c74-4c6f-a695-943b398b4bc4","version":"44a35d04-6ae3-4237-9729-c35c83f32c92"},{"clientId":"f0d78f30-a4ba-4b03-be6b-71525c9877e7","version":"3b3a8260-7363-4dc0-b94c-6b079c710105"},{"version":"3dd07168-3ea0-4f97-be68-21621536fccc","clientId":"3de69eed-06ea-4f99-a2f6-161b07735e3b"},{"clientId":"beefcfa1-571e-4469-9386-c1141f394bd6",