{"metrics":{"checks":{"contains":"default","values":{"rate":1,"passes":23470,"fails":0},"type":"rate"},"http_req_sending":{"contains":"time","values":{"p(90)":0.0265,"p(95)":0.029571499999999994,"avg":0.01692648449083926,"min":0.004108,"med":0.008055,"max":6.313145},"type":"trend"},"vus":{"type":"gauge","contains":"default","values":{"min":0,"max":100,"value":100}},"vus_max":{"contains":"default","values":{"value":100,"min":100,"max":100},"type":"gauge"},"http_req_blocked":{"values":{"avg":0.1793313965913883,"min":0.000671,"med":0.001192,"max":75.842404,"p(90)":0.001894,"p(95)":0.002235},"type":"trend","contains":"time"},"http_req_receiving":{"type":"trend","contains":"time","values":{"p(95)":0.06734799999999996,"avg":0.0428790532168727,"min":0.01061,"med":0.038182,"max":10.670432,"p(90)":0.05859180000000001}},"http_req_tls_handshaking":{"type":"trend","contains":"time","values":{"avg":0,"min":0,"med":0,"max":0,"p(90)":0,"p(95)":0}},"iterations":{"contains":"default","values":{"count":23369,"rate":350.7988680038979},"type":"counter"},"http_reqs":{"type":"counter","contains":"default","values":{"count":23470,"rate":352.3150084321744}},"http_req_failed":{"type":"rate","contains":"default","values":{"rate":0,"passes":0,"fails":23470}},"http_req_connecting":{"type":"trend","contains":"time","values":{"p(90)":0,"p(95)":0,"avg":0.17645329450362174,"min":0,"med":0,"max":74.26607}},"http_req_duration{expected_response:true}":{"type":"trend","contains":"time","values":{"avg":129.2090453631025,"min":1.91267,"med":127.21482800000001,"max":7275.293235,"p(90)":140.4296918,"p(95)":144.5820465}},"data_received":{"type":"counter","contains":"data","values":{"count":194733409,"rate":2923199.9417921207}},"http_req_waiting":{"type":"trend","contains":"time","values":{"p(90)":140.3832496,"p(95)":144.51484,"avg":129.14923982539344,"min":1.857638,"med":127.165262,"max":7274.65159}},"iteration_duration":{"values":{"avg":130.04139370998325,"min":2.124866,"med":127.30731,"max":36505.122544,"p(90)":140.414029,"p(95)":144.4014125},"type":"trend","contains":"time"},"http_req_duration":{"values":{"min":1.91267,"med":127.21482800000001,"max":7275.293235,"p(90)":140.4296918,"p(95)":144.5820465,"avg":129.2090453631025},"type":"trend","contains":"time"},"data_sent":{"type":"counter","contains":"data","values":{"count":7416263,"rate":111327.68476268527}}},"setup_data":[{"clientId":"024f693a-9b6e-4c07-9e84-1d4e1238f8d3"},{"clientId":"4a2cafaa-73f9-4f21-9df6-43dda4b9fdc6"},{"clientId":"fa6d5fd7-409f-4da9-a6cf-91b9827178e0"},{"clientId":"a31a09c8-3af9-401b-9338-8ab2e8231ac0"},{"clientId":"ad7c4e47-b76e-43cf-9d93-f82785ebf657"},{"clientId":"9b307576-eca8-4f65-952d-fd1c0e948e45"},{"clientId":"aa5a0dbf-a83c-4fd2-a27b-1def54bfb766"},{"clientId":"e129c544-2d20-4ecb-b3a7-b0a1139cb479"},{"clientId":"4f12f692-a0d8-43fe-8580-6d8ff5a088c7"},{"clientId":"6e60b0ea-4c98-4ebf-83aa-c96f7d22383e"},{"clientId":"2555df73-fcc9-48e1-9af7-d15d367cc45e"},{"clientId":"36e55ff0-e70b-4761-884c-0fe397aea9cc"},{"clientId":"25435359-5ba0-44fc-9d6e-5ebf1deebc16"},{"clientId":"c5f5bb05-2468-44f5-9906-0fb98bf81006"},{"clientId":"6c3c371e-6922-44a5-8a0c-c4e0ef4081de"},{"clientId":"d26d7d6a-892f-44cf-b5c5-0eb505014683"},{"clientId":"41501546-382e-415b-a763-afa3f501d51b"},{"clientId":"58a46469-c325-4688-88a4-a40776681b7f"},{"clientId":"fc634ebd-6233-4c80-ad9c-997ea9da5b9d"},{"clientId":"9b4d83ae-abfe-4edb-bbd0-1a03699a8ee4"},{"clientId":"f8fd9a10-8229-4dfe-acf8-19d00985ad08"},{"clientId":"5d0475fe-e1e5-46dc-85b6-7d0031ee9a14"},{"clientId":"0f466c94-8243-4416-a99a-3b3233081b96"},{"clientId":"ccb07acc-5b69-40db-b2d1-c82bec032bab"},{"clientId":"cbddf0d6-bb70-49ff-bee4-8640b206f12e"},{"clientId":"e7271b1a-c71e-47d7-8c7c-bad94f610cb5"},{"clientId":"ddd11edb-973d-4fa4-bca8-2d370891606b"},{"clientId":"f5e683c6-eede-43f0-b4a6-c621fcca2761"},{"clientId":"2c99bb0f-bd77-4b12-b0d0-fe9e0ee21cb0"},{"clientId":"289db04d-25bb-4f58-8637-39d2139a53b3"},{"clientId":"19fe684b-6fa2-497e-a51d-9c72431c03ad"},{"clientId":"46fc1b4d-809f-4d46-a6bc-488298679d7e"},{"clientId":"78b96c30-29cd-4132-82ab-ff2a0b4236ae"},{"clientId":"9a3e1add-1f82-46a1-a248-1385afbc385b"},{"clientId":"4056b153-b36b-4f78-a924-f2dc8757c59d"},{"clientId":"66c3d8fa-3fa2-4613-a1cc-f5b66fb0e753"},{"clientId":"62f25186-8bf4-499a-b4fe-9ab3fa8e98d4"},{"clientId":"babfd3b0-0e5b-4b01-b537-80b64701f525"},{"clientId":"099d9b96-ec29-417d-92e6-7c2ed83e9f9e"},{"clientId":"69bc609a-cbd9-4453-a81b-3955a01dcc02"},{"clientId":"de277d74-743d-4762-b603-159f983fed0d"},{"clientId":"3a4f1ea8-e6ed-4db6-8e64-58c14e7a20eb"},{"clientId":"c0ab3aa0-8907-4efb-ba5d-42c909c11c7a"},{"clientId":"7a941643-de90-42fa-8359-5c4ad1dd7b8d"},{"clientId":"63654d6a-819d-41f7-ad10-963cef4ed847"},{"clientId":"2b7b6ad4-c333-4a43-8e7c-9d22a20094e3"},{"clientId":"39754e7c-d609-481e-8cd0-dd4bf96e2157"},{"clientId":"429f82e4-5281-4144-afa0-2a8ea7f53baf"},{"clientId":"c7afbc46-4e25-4a93-908a-f5706d3e5cb8"},{"clientId":"1fe69ec6-721a-4fd1-8336-1bc0909f7031"},{"clientId":"d231f6b1-e707-46cb-9ccd-5e82416eff0f"},{"clientId":"721affe9-8554-4dc4-9e45-5de5dc3d496e"},{"clientId":"ac79bbb8-d841-41c2-8262-08371188dd36"},{"clientId":"0f85efb6-7d1d-4b8f-8e9c-bf5a72ad69d4"},{"clientId":"65a7455b-52a6-4f77-a833-5a71e8bdd26c"},{"clientId":"6134a698-722b-42e4-a63a-f9b17bea76a2"},{"clientId":"c7bdeb7e-5200-4e26-b6c2-669f16938570"},{"clientId":"a1dcc2b1-b083-4a79-a575-6f881d7ef9b2"},{"clientId":"70a559da-a75d-427a-8838-2dfed4903151"},{"clientId":"49eb7413-fa2e-4ea3-bb20-cd52fc5edc96"},{"clientId":"89a0f6e8-4c1b-428c-b4eb-af0aa0bdb98a"},{"clientId":"f1990034-4504-478e-a13f-7da0677d84a1"},{"clientId":"49006987-0759-4dcb-a0b2-e1a3c0e08d9e"},{"clientId":"04b00840-b87e-4aad-ab4d-cf9f735cd0c5"},{"clientId":"808a11d3-85d0-4669-bc6b-2c9c6a416865"},{"clientId":"fe383ee9-c73a-4af4-bcde-2a908e2aa9db"},{"clientId":"807259e6-852d-4bd4-9bae-58f909a9a1f0"},{"clientId":"4b1ec953-f0e5-43be-89b9-5c3a4fd52483"},{"clientId":"2ddc60fd-fcad-4fde-b800-b62dcc2983c3"},{"clientId":"c81d6b75-a346-4620-aa55-75d5976bdcd3"},{"clientId":"7ed18518-f4b6-49d7-a7cc-e67064c4b911"},{"clientId":"01057fb5-a2ae-4695-ae37-4fe3584cfdc4"},{"clientId":"8fdbc264-aad5-48bd-aea1-88770e569a1d"},{"clientId":"164ff846-4b26-4469-ae99-b0df28fcb70a"},{"clientId":"09bf47f4-f446-48c6-ae05-cee3517bb4f7"},{"clientId":"ad77b261-1a83-433b-b769-c7df5c055473"},{"clientId":"a7cc4909-bad8-424f-a6bf-56b30d5592f9"},{"clientId":"ea48ca3e-1161-4cc7-9753-8614aa089cbf"},{"clientId":"24ae2880-a251-46b0-bd15-8cc0eb3d2987"},{"clientId":"34636b88-1669-4e87-9122-37e019be4ad8"},{"clientId":"d6677b41-eb3e-4dfa-adca-8183c2a1b1ce"},{"clientId":"748881ae-691b-4279-b40e-b91c20d2a8f9"},{"clientId":"345bb9c4-4ccb-4a49-9883-3d3ecda5ab56"},{"clientId":"a58d2434-c9b6-4abc-8458-107d4e7de72e"},{"clientId":"5bf8accd-3296-4072-ae9b-f08952e9868d"},{"clientId":"ece3ffb7-a4f8-4d13-a1c5-366d80b8ed2c"},{"clientId":"14c6b806-c5fe-484f-9333-0980f2c07c6b"},{"clientId":"622c0bc8-c0cc-48ae-a2ec-7d6c50a55759"},{"clientId":"124abc31-5da3-4998-b584-a1bb91dfbeb0"},{"clientId":"ff65499b-af01-4e62-83a5-87f67d5ba1aa"},{"clientId":"08e59070-e596-4c6d-91cc-569395c00caf"},{"clientId":"51a32b9b-0380-4392-94dd-13bca6f467cf"},{"clientId":"d7dad302-efef-44bd-90d3-c22624041712"},{"clientId":"9ea1f854-553f-4d75-bcd0-66ecc501b093"},{"clientId":"e5f63604-74d1-47e4-a16f-bafe23404989"},{"clientId":"dc074e64-ca84-4393-b60c-26da808b213f"},{"clientId":"14685a67-cadd-4afb-a194-95db29bd2218"},{"clientId":"5effc1f8-063a-4734-9e0e-e41d54553424"},{"clientId":"e94c93d7-1b64-4ec4-b801-dc8531fb47cc"},{"clientId":"ff001112-f746-4dc6-98ff-7dfad0f93548"}],"root_group":{"name":"","path":"","id":"d41d8cd98f00b204e9800998ecf8427e","groups":[{"name":"setup","path":"::setup","id":"5c0f8025f7e0b6654089e5b00e950f1a","groups":[],"checks":[{"id":"6a0be71c20f269f0733a66d88d45f346","passes":100,"fails":0,"name":"status is 200","path":"::setup::status is 200"}]},{"name":"teardown","path":"::teardown","id":"a8a9942382e8ffe2e56ef29e664b8229","groups":[],