{"state":{"isStdOutTTY":false,"isStdErrTTY":false,"testRunDurationMs":60592.185812},"metrics":{"checks":{"type":"rate","contains":"default","values":{"rate":1,"passes":46234,"fails":0}},"iteration_duration":{"contains":"time","values":{"avg":130.09994721397842,"min":3.721352,"med":129.297643,"max":488.736289,"p(90)":134.7829372,"p(95)":137.2908181},"type":"trend"},"http_req_duration{expected_response:true}":{"type":"trend","contains":"time","values":{"p(95)":137.13375059999998,"avg":129.64517954295496,"min":3.0711,"med":129.148438,"max":223.792614,"p(90)":134.639868}},"http_req_failed":{"type":"rate","contains":"default","values":{"passes":0,"fails":46234,"rate":0}},"http_req_blocked":{"type":"trend","contains":"time","values":{"avg":0.03673633866851392,"min":0.000981,"med":0.001632,"max":38.830916,"p(90)":0.002294,"p(95)":0.002515}},"vus_max":{"type":"gauge","contains":"default","values":{"value":100,"min":100,"max":100}},"http_req_connecting":{"type":"trend","contains":"time","values":{"max":38.760264,"p(90)":0,"p(95)":0,"avg":0.03349998472985248,"min":0,"med":0}},"data_sent":{"type":"counter","contains":"data","values":{"count":12900601,"rate":212908.65855255377}},"http_req_receiving":{"type":"trend","contains":"time","values":{"min":0.016291,"med":0.033302,"max":4.148446,"p(90)":0.045926,"p(95)":0.052049,"avg":0.03658713736644064}},"http_req_duration":{"type":"trend","contains":"time","values":{"med":129.148438,"max":223.792614,"p(90)":134.639868,"p(95)":137.13375059999998,"avg":129.64517954295496,"min":3.0711}},"http_req_waiting":{"type":"trend","contains":"time","values":{"med":129.093174,"max":223.722041,"p(90)":134.5809664,"p(95)":137.08145485,"avg":129.58818684533068,"min":2.998321}},"http_reqs":{"type":"counter","contains":"default","values":{"count":46234,"rate":763.0356848893141}},"vus":{"type":"gauge","contains":"default","values":{"value":100,"min":100,"max":100}},"http_req_tls_handshaking":{"type":"trend","contains":"time","values":{"p(90)":0,"p(95)":0,"avg":0,"min":0,"med":0,"max":0}},"http_req_sending":{"type":"trend","contains":"time","values":{"avg":0.02040556025868361,"min":0.006883,"med":0.017313,"max":10.386274,"p(90)":0.020879,"p(95)":0.025959}},"data_received":{"type":"counter","contains":"data","values":{"count":9246809,"rate":152607.28551186732}},"iterations":{"type":"counter","contains":"default","values":{"count":46133,"rate":761.3688032832705}}},"setup_data":[{"clientId":"61b8506d-233b-4276-a079-690742481af8"},{"clientId":"2f53ba21-b909-477b-bf2a-b74a51744abd"},{"clientId":"b5b01bec-6a24-417e-9af1-a76ec02af4b1"},{"clientId":"011ee2b0-c83c-40f4-9c98-9b9dced14ad1"},{"clientId":"44bd3b58-b475-4b8d-929b-e00665f48702"},{"clientId":"e444aa9a-a503-44ce-a947-a6b00ed5f4d0"},{"clientId":"df80226f-d3f9-4879-87fc-af1ef2802484"},{"clientId":"e6a30b7a-9f63-4744-a1c0-7fd9b32c9eae"},{"clientId":"7c46c821-a055-4924-9c29-21b036d2bc79"},{"clientId":"73aee41a-367e-4cf2-b1a9-2de213006fc6"},{"clientId":"e24f5b3b-c70c-4203-b6c9-9270f655468f"},{"clientId":"561dbb14-1bc7-4e2c-a25c-30ee99e5cf5d"},{"clientId":"0ce60063-577a-4038-bb75-1cf8cbd74fa0"},{"clientId":"509aaea5-e433-4b06-97a8-10de660f5d0b"},{"clientId":"82592bea-6999-4756-aae7-45eb99734cb7"},{"clientId":"521f5550-6959-4112-9316-833aa6d7400f"},{"clientId":"45fb7fad-43c6-43a8-8fc0-95021a2413e0"},{"clientId":"b921a02b-f4ac-4a9f-bd53-2d841662f426"},{"clientId":"7cd3452d-d8d9-468b-8b39-9eb96c73cfb9"},{"clientId":"c5286f1b-0db9-4f02-8314-d73f2f0c284c"},{"clientId":"a135597a-1347-44dc-b41e-8a67fac8b111"},{"clientId":"769c898e-91f5-43f6-82c2-527f803bc91e"},{"clientId":"7385d939-e854-4351-be43-9e4438532488"},{"clientId":"f125fdb1-4222-475a-af74-b45e6fd192a8"},{"clientId":"55566f0a-7fc1-4e86-8530-3e242b7d2677"},{"clientId":"1ace2dfd-e86e-4042-b78b-4a920e2726ed"},{"clientId":"959dd7c7-f3ef-43b9-a497-cb9ea6e237fa"},{"clientId":"7cb3b474-4e7c-49c2-8067-adbeaa81d024"},{"clientId":"5e9de5a1-3031-47b4-b86a-7f19e101fb67"},{"clientId":"a5653b36-5d80-4299-a588-1de960d7e9e2"},{"clientId":"fd03c426-f1a6-401b-b2a4-b6652fbd4c41"},{"clientId":"b941846c-84db-4c72-b5f4-10cb8f7b30ad"},{"clientId":"f7d0d2e0-d78c-441d-9674-2b5d9a9340a0"},{"clientId":"f4c04f20-20c5-413a-b9c3-5ca1e482de8c"},{"clientId":"fa8ee209-b91e-4da0-ba7e-4f48e6d01ae2"},{"clientId":"b86af326-fe0e-4cb7-b673-64cc62b0defb"},{"clientId":"25187c0f-8c1e-4f31-9a48-0ea2b0b885a7"},{"clientId":"a5321826-945c-4308-ad5b-15636a1759c4"},{"clientId":"8a3f8c73-0fbe-4911-ae5a-b1cab5d83f6b"},{"clientId":"b6700537-adce-4a01-8fa3-347cc3354c3b"},{"clientId":"253e9d17-e57b-45f5-acf9-ee1274ab25e4"},{"clientId":"212d3814-cc1a-4a18-b823-015b8a676422"},{"clientId":"05685460-4ff7-4456-b665-d0a2f31bec32"},{"clientId":"45ec0e84-32fd-4779-b034-d55d8ba756e1"},{"clientId":"c01945b9-96d9-4b95-b606-0b68e2a8f49e"},{"clientId":"c37fb8d3-bc2d-4aee-9c64-2da87f6ea82a"},{"clientId":"63cfaf14-6fb4-4091-9c0b-b16ce1aeba81"},{"clientId":"21d993c0-e43e-4be8-830e-9e03ebd0bdd3"},{"clientId":"e6729f8a-ed0c-4106-8f1d-99d372fa4e8e"},{"clientId":"a5a54aa7-26ce-4eef-a89e-3e02a0b901d4"},{"clientId":"4a2d0601-666e-42e0-8860-a5de224ab6cc"},{"clientId":"356af8b0-39d7-4bcf-8d85-ec8984a1dc4d"},{"clientId":"63e25277-9c45-46cb-8a8e-bcd31457c546"},{"clientId":"a9b3643b-89e9-449d-a37d-14337c22f988"},{"clientId":"d1dc9e12-b503-4a4b-8e83-f86cbdd9bf8d"},{"clientId":"6040de4f-8680-48f4-aace-2ceabaf9cea4"},{"clientId":"de21f7f9-768c-4aa4-949c-58328536fd83"},{"clientId":"77f28915-a85b-43b2-baf8-e57992582c74"},{"clientId":"b152ce49-e5d2-4844-9342-577d3eddabeb"},{"clientId":"a5a4aca6-ce13-45b9-8e13-15fa5f67a53c"},{"clientId":"8b714505-1b2f-4b98-93a9-10b59c4bfae9"},{"clientId":"c698f119-bf65-42f8-bd87-c18a098a3525"},{"clientId":"daef15a3-59d5-458e-af3a-904bdcbe3d00"},{"clientId":"d883f62e-8de5-4dda-a6c3-bcfbcd9b9e81"},{"clientId":"905bd4dd-7401-4f8b-9569-54c1759f3644"},{"clientId":"82bcf3ac-fe58-4ac4-8f71-15db3dbc2359"},{"clientId":"089234c9-19ba-47ec-9643-82df6ef61b9b"},{"clientId":"522860f2-3a9b-4c63-9905-e9909793528d"},{"clientId":"4f6fd5b0-906b-44a7-8625-36694093b54d"},{"clientId":"123d3b32-d8e1-480d-a083-af7805da5b32"},{"clientId":"23032730-a371-482c-9350-43bf5d9b3637"},{"clientId":"f22e3d70-106a-4472-9259-717a7f1b4627"},{"clientId":"559cff8f-22f4-4b91-8360-15df653b9a65"},{"clientId":"40ff8e56-288f-40a6-931b-98cad6697fd4"},{"clientId":"e62046d6-62a9-497a-9d2c-af6bb767ec25"},{"clientId":"9d09da0f-7270-46df-8bf1-f1d16c4f046d"},{"clientId":"374bf69a-09fd-4813-b3ba-eefc1274ed10"},{"clientId":"e61262a8-4710-4caf-b05d-2b17575e5ece"},{"clientId":"6e0fad9f-9578-4b7f-b3c4-e12b1f129bb9"},{"clientId":"3f9b76f0-a936-49dd-9d3e-3db3b285aa73"},{"clientId":"59768de2-e6d9-43b9-8159-d04104792da5"},{"clientId":"862ecedd-b819-439d-b1f3-d901abf4b0d0"},{"clientId":"70cea476-3573-40d9-baf1-5acc2f4583bf"},{"clientId":"6fa2f3e5-3882-4ca0-9f6a-b8073ede4611"},{"clientId":"ea3d4149-7883-4729-85ac-045a4dcad1f1"},{"clientId":"3e702c52-f54a-4617-885a-90ad119d933e"},{"clientId":"bcc1ce69-1a7c-47d8-ae20-9fbeb7cfe537"},{"clientId":"21e252ec-d25f-453f-afa0-334dd121e928"},{"clientId":"3fce0f2c-54f5-447e-83f8-9a5a04ef84ae"},{"clientId":"1dbf76a7-a4e8-4544-8697-8c747e45dd85"},{"clientId":"ccb7cfed-e901-4c49-8278-7cfc447fc05a"},{"clientId":"f025aba8-47d8-40c7-ac8c-588070208d30"},{"clientId":"e2ca0f19-6017-470a-aa54-697d3c4feba5"},{"clientId":"60851458-5abe-4dbc-b601-17c41cdf5499"},{"clientId":"fc6a9128-a42f-4622-a1c8-fe513731bd1d"},{"clientId":"0fb4b3f6-54c8-4306-ac11-6d1a341f348a"},{"clientId":"ffce58d1-f08b-4285-9bf7-753fb9a152cd"},{"clientId":"a17be675-75f0-4370-a45a-48659acd53b2"},{"clientId":"35b3d55c-f4c2-48f1-8fe3-596d10390f50"},{"clientId":"27dbeced-03ad-47a4-adbc-2ae007644079"}],"root_group":{"id":"d41d8cd98f00b204e9800998ecf8427e","groups":[{"name":"setup","path":"::setup","id":"5c0f8025f7e0b6654089e5b00e950f1a","groups":[],"checks":[{"id":"6a0be71c20f269f0733a66d88d45f346","passes":100,"fails":0,"name":"status is 200","path":"::setup::status is 200"}]},{"name":"teardown","path":"::teardown","id":"a8a9942382e8ffe2e56ef29e664b8229",