{"state":{"isStdOutTTY":false,"isStdErrTTY":false,"testRunDurationMs":30949.769495},"metrics":{"http_req_duration":{"type":"trend","contains":"time","values":{"avg":125.02174964813253,"min":1.07267,"med":124.1947615,"max":180.940319,"p(90)":139.9363945,"p(95)":146.11952265000002}},"vus":{"contains":"default","values":{"value":100,"min":100,"max":100},"type":"gauge"},"http_req_sending":{"type":"trend","contains":"time","values":{"avg":0.016351532635878494,"min":0.004589,"med":0.008706,"max":70.715852,"p(90)":0.0265409,"p(95)":0.030441500000000007}},"http_req_tls_handshaking":{"type":"trend","contains":"time","values":{"med":0,"max":0,"p(90)":0,"p(95)":0,"avg":0,"min":0}},"http_req_receiving":{"type":"trend","contains":"time","values":{"max":9.654738,"p(90)":0.06337980000000001,"p(95)":0.07367195,"avg":0.040837717530843795,"min":0.01057,"med":0.03732}},"iteration_duration":{"type":"trend","contains":"time","values":{"med":124.364402,"max":850.443907,"p(90)":140.1276016,"p(95)":146.34112599999997,"avg":125.68182586644622,"min":1.272076}},"http_req_duration{expected_response:true}":{"contains":"time","values":{"avg":125.02174964813253,"min":1.07267,"med":124.1947615,"max":180.940319,"p(90)":139.9363945,"p(95)":146.11952265000002},"type":"trend"},"http_req_blocked":{"type":"trend","contains":"time","values":{"max":70.805931,"p(90)":0.0021239000000000015,"p(95)":0.002565,"avg":0.03218276729742986,"min":0.000631,"med":0.001272}},"checks":{"type":"rate","contains":"default","values":{"rate":1,"passes":23992,"fails":0}},"http_req_connecting":{"type":"trend","contains":"time","values":{"avg":0.027590441272090694,"min":0,"med":0,"max":69.654369,"p(90)":0,"p(95)":0}},"http_reqs":{"type":"counter","contains":"default","values":{"count":23992,"rate":775.1915568830312}},"http_req_waiting":{"type":"trend","contains":"time","values":{"avg":124.96456039796637,"min":1.007017,"med":124.145152,"max":180.907156,"p(90)":139.8704842,"p(95)":146.04976155}},"iterations":{"type":"counter","contains":"default","values":{"count":23891,"rate":771.9282046303977}},"data_received":{"type":"counter","contains":"data","values":{"count":5027509,"rate":162440.9190127314}},"http_req_failed":{"type":"rate","contains":"default","values":{"passes":0,"fails":23992,"rate":0}},"data_sent":{"contains":"data","values":{"count":6578315,"rate":212548.10964142205},"type":"counter"},"vus_max":{"type":"gauge","contains":"default","values":{"value":100,"min":100,"max":100}}},"setup_data":[{"clientId":"a852da8c-bb1f-4f55-8586-1cdd86c39e9f"},{"clientId":"96ff714a-681f-4864-821f-2010b639ad7d"},{"clientId":"94dc38b2-b699-4345-b965-a5776d1d29ec"},{"clientId":"decbfb22-54af-4f06-9b3d-f00c525280b6"},{"clientId":"3392bd89-c26d-46e8-b9d0-8c2b9d3d16a7"},{"clientId":"f1e43d80-5972-404a-9d4c-a1f7bf24149a"},{"clientId":"f5349c87-b039-4e5a-80e1-ffe081a2590f"},{"clientId":"8afd9fbe-710b-40af-a1ad-251de429f6d5"},{"clientId":"bc475d7c-28e8-4467-8df8-c9262d7a5f43"},{"clientId":"e079440d-1f1d-4472-94aa-82e7ef9cab66"},{"clientId":"56cf03c7-4814-4541-8195-9f68a0c5ce88"},{"clientId":"c29e087e-3f38-4f42-a26a-c113b1e7a70b"},{"clientId":"34287936-6175-4708-84e7-55d1656004af"},{"clientId":"cf06a246-8c0a-4f6d-9fd3-94f99905bb62"},{"clientId":"abca9220-8388-4012-828a-41b0b7867c41"},{"clientId":"29bf2e18-8785-487f-818b-65ae78f77fc0"},{"clientId":"d40a7202-8bb8-4c8a-a881-19e7db9348ad"},{"clientId":"c47db922-f6d6-4cf3-b565-d2295fc183bb"},{"clientId":"03299770-7373-4c82-880f-5e3671d99700"},{"clientId":"831d241a-630e-443e-935c-a6981132d11a"},{"clientId":"aa38329a-1a84-4592-99ce-add1e606fee2"},{"clientId":"a42adc0b-ec93-4699-88ae-fa4174095353"},{"clientId":"82c782a6-0730-4df4-9fb4-8c5c1fb132c5"},{"clientId":"3c78b149-98fb-426f-95ca-ed57ede707ce"},{"clientId":"69d9f6b9-4aa2-4307-b26e-3b2d56265cef"},{"clientId":"67fc46ad-87a1-402c-916a-2150a5a621af"},{"clientId":"36ed6b31-1edd-4af2-98bd-13e93e080ad6"},{"clientId":"aa9264f3-37ac-4159-9b94-de971fe238f3"},{"clientId":"9a7f80f6-0ee0-4749-a4c5-fe28df13a39d"},{"clientId":"e14f825f-e985-47c5-ac58-293840893552"},{"clientId":"fcd0f168-c6cf-4425-a238-6d108a271ae0"},{"clientId":"1e2ad9d7-276e-45a0-99ad-db9aeca512df"},{"clientId":"c9fb3caf-3a20-47a5-b4d3-089b04c51df2"},{"clientId":"28fb181e-81ee-4b12-8456-a16a52ab3c7a"},{"clientId":"b22b04af-8621-4b46-9387-3bd9ca760cd9"},{"clientId":"8aee7643-c2a8-4383-9bf0-999d04897fad"},{"clientId":"577c6774-244b-44fc-98ef-700fae8d4fab"},{"clientId":"6f301e1c-37c6-417f-adea-1d3ef088639a"},{"clientId":"b1e97148-12da-4212-90d5-6fedee54a6b3"},{"clientId":"b7b43313-f92a-4b6f-b83e-b3240c90aca0"},{"clientId":"dc8325ae-260d-4f89-ba7d-889c61557de4"},{"clientId":"1f99b29a-4fb3-4ca1-80bb-546638ec389c"},{"clientId":"0cecbe15-7380-4764-b6ae-d156696b73db"},{"clientId":"733ac0c0-c8ad-4e27-86bb-b242fab9b7f9"},{"clientId":"2a20b1ea-93b7-49db-bddd-83c3de488f3c"},{"clientId":"b3eeef8d-33f0-46ea-9f03-510fb6470416"},{"clientId":"56b1efda-b791-4b5c-b2dd-06f6753e67d8"},{"clientId":"0271fb31-9c71-4dcc-93f1-1d6a343843f4"},{"clientId":"478e9480-128b-4515-a3bc-32be72a828a4"},{"clientId":"9c6d3e30-5fa4-4ba2-85e4-272b57fb7bed"},{"clientId":"443bdb7a-4a88-4068-b2f2-62f5c30bb519"},{"clientId":"c9b1f266-6694-4f3b-9ab6-ea42602b3e97"},{"clientId":"56fe349b-2e15-4310-b6af-3257eec8ec1e"},{"clientId":"de5eace7-2026-446c-ada7-4c7dce45eda3"},{"clientId":"282fb553-f540-4158-963f-131ddd904d51"},{"clientId":"25fdb82e-dce7-4155-9f91-2ac74f7df9ba"},{"clientId":"069f0199-6c9d-40e0-adb3-35001f327bf0"},{"clientId":"eacef459-3bd3-438a-aa7f-9dc6be27a1f9"},{"clientId":"027bdd4a-f3fd-45bb-aa76-76f2a8732d48"},{"clientId":"bb6cf339-5007-4643-b8c6-9eedc95962af"},{"clientId":"82d140d3-2b2c-4bdb-a778-e08930a9453a"},{"clientId":"6b4455e6-3300-4696-a3c4-b93f9bd07708"},{"clientId":"c2db11e2-8271-45f2-ae23-7411cd6fca7e"},{"clientId":"a9298179-b011-4111-b8b9-a2dc3de5111b"},{"clientId":"a1481c19-6a68-4c91-826e-b977aa8da610"},{"clientId":"4052328f-bd4f-4a6b-855d-0a7b98dff830"},{"clientId":"93b5a6c2-9ee8-484a-a9fb-c97ffaff1ff2"},{"clientId":"cf07cc6c-7273-4ade-a156-be9dcf912399"},{"clientId":"60c5f1f9-253b-434c-99f7-48fc9d743df7"},{"clientId":"0c1de9c8-6f02-4a03-bfb6-4457191cc4ec"},{"clientId":"92f449fd-ddef-4660-aa0d-3a63a42fe17f"},{"clientId":"cef1370a-a0e1-4c31-a697-06dd81af1a72"},{"clientId":"6c7e2f11-9173-4eda-acf5-87bba04270a9"},{"clientId":"02484c99-cf02-4786-9507-96fcb5e6f5e0"},{"clientId":"2696ae02-e1e4-4864-96ed-bf6a9b959b0a"},{"clientId":"45687b1c-876f-40db-86e4-618429e2b1c2"},{"clientId":"6510323e-e861-47bb-a393-573712526af9"},{"clientId":"79a9dc98-7ec2-4354-963a-f51bbbe6f4c8"},{"clientId":"0fbd87d8-6f24-4c84-90fa-79185377a6fb"},{"clientId":"cb58eb9c-8c5d-43ec-85ad-e775e8859bb8"},{"clientId":"55c412e1-95cc-4503-bc0c-a6280b1bbafd"},{"clientId":"7ca9a7a3-16cc-44bd-9eab-d5abfc376726"},{"clientId":"0e67a18a-e5a7-4e2a-8daa-d01851a46406"},{"clientId":"13d239f8-83db-4f8c-aa54-3aefd757b818"},{"clientId":"bff63458-8810-4871-a69f-eec0563bf7ef"},{"clientId":"d0e1dce1-9acd-4094-a724-29673ac66229"},{"clientId":"18600008-e011-4450-a7fa-8fe2ba47b2ac"},{"clientId":"cd0034f6-ee31-4b2b-9906-cad51822557e"},{"clientId":"69065e40-3e5f-41ab-b01f-f44baeca613d"},{"clientId":"993d15fe-b2c4-4f64-aab9-76a48ff2a3c7"},{"clientId":"737deae7-a227-4752-9a00-26d79526e89e"},{"clientId":"5149c98f-f5a5-459d-aa85-5e84f118a3f4"},{"clientId":"296b8ece-4b75-4235-8277-86a504a11cf0"},{"clientId":"e87c45e7-c501-4789-a0e7-3f0a5156360c"},{"clientId":"57e71c56-c351-4780-bacd-70268e6d7057"},{"clientId":"54b99093-e5d6-4806-b650-ea2a591e2092"},{"clientId":"c3cab03c-7f84-4313-bbed-32b2de71c559"},{"clientId":"7daf426f-1ca4-42b6-a993-a93eb69a7cb7"},{"clientId":"d08561aa-cc62-4c07-ab46-f0f1cfebb684"},{"clientId":"461cf1ff-4f55-429a-b62e-611467c46a10"}],"root_group":{"name":"","path":"","id":"d41d8cd98f00b204e9800998ecf8427e","groups":[{"name":"setup","path":"::setup","id":"5c0f8025f7e0b6654089e5b00e950f1a","groups":[],"checks":[{"name":"status is 200","path":"::setup::status is 200","id":"6a0be71c20f269f0733a66d88d45f346","passes":100,