{"state":{"isStdOutTTY":false,"isStdErrTTY":false,"testRunDurationMs":30157.400304},"metrics":{"http_req_failed":{"type":"rate","contains":"default","values":{"rate":0,"passes":0,"fails":14961}},"http_req_connecting":{"type":"trend","contains":"time","values":{"avg":0.040890284205601216,"min":0,"med":0,"max":76.056979,"p(90)":0,"p(95)":0}},"http_req_sending":{"type":"trend","contains":"time","values":{"p(95)":0.031289,"avg":0.01858838072321368,"min":0.004759,"med":0.011522,"max":18.804789,"p(90)":0.028083}},"vus":{"type":"gauge","contains":"default","values":{"value":100,"min":100,"max":100}},"http_reqs":{"type":"counter","contains":"default","values":{"count":14961,"rate":496.0971386520877}},"data_received":{"type":"counter","contains":"data","values":{"count":37267851,"rate":1235777.9723823506}},"http_req_receiving":{"contains":"time","values":{"avg":0.045941330526034344,"min":0.011752,"med":0.040767,"max":10.294761,"p(90)":0.066677,"p(95)":0.076845},"type":"trend"},"http_req_duration":{"type":"trend","contains":"time","values":{"p(95)":209.885425,"avg":200.66596799458623,"min":67.614113,"med":173.917317,"max":2223.604449,"p(90)":198.359175}},"iteration_duration":{"values":{"avg":200.83472438005444,"min":67.804212,"med":174.047,"max":2223.880282,"p(90)":198.495661,"p(95)":210.044191},"type":"trend","contains":"time"},"http_req_tls_handshaking":{"type":"trend","contains":"time","values":{"med":0,"max":0,"p(90)":0,"p(95)":0,"avg":0,"min":0}},"http_req_duration{expected_response:true}":{"type":"trend","contains":"time","values":{"max":2223.604449,"p(90)":198.359175,"p(95)":209.885425,"avg":200.66596799458623,"min":67.614113,"med":173.917317}},"checks":{"type":"rate","contains":"default","values":{"rate":1,"passes":14961,"fails":0}},"data_sent":{"values":{"count":2752824,"rate":91281.87351198414},"type":"counter","contains":"data"},"vus_max":{"contains":"default","values":{"value":100,"min":100,"max":100},"type":"gauge"},"http_req_blocked":{"values":{"min":0.000711,"med":0.001243,"max":76.078851,"p(90)":0.002164,"p(95)":0.002645,"avg":0.04260660938439697},"type":"trend","contains":"time"},"http_req_waiting":{"type":"trend","contains":"time","values":{"p(95)":209.77304,"avg":200.60143828333787,"min":67.536867,"med":173.858984,"max":2223.541952,"p(90)":198.319913}},"iterations":{"type":"counter","contains":"default","values":{"rate":496.0971386520877,"count":14961}}},"root_group":{"path":"","id":"d41d8cd98f00b204e9800998ecf8427e","groups":[],"checks":[{"id":"6210a8cd14cd70477eba5c5e4cb3fb5f","passes":14961,"fails":0,"name":"status is 200","path":"::status is 200"}],"name":""},"options":{"summaryTrendStats":["avg","min","med","max","p(90)","p(95)"],"summaryTimeUnit":"","noColor":false}}