{"options":{"summaryTimeUnit":"","noColor":false,"summaryTrendStats":["avg","min","med","max","p(90)","p(95)"]},"state":{"isStdOutTTY":false,"isStdErrTTY":false,"testRunDurationMs":60792.514892},"metrics":{"iteration_duration":{"type":"trend","contains":"time","values":{"p(90)":261.4880163,"p(95)":275.55188475,"avg":250.90103065899723,"min":3.264644,"med":249.41808550000002,"max":579.941952}},"data_received":{"values":{"count":55114386,"rate":906598.223447617},"type":"counter","contains":"data"},"vus":{"type":"gauge","contains":"default","values":{"max":100,"value":100,"min":100}},"vus_max":{"type":"gauge","contains":"default","values":{"min":100,"max":100,"value":100}},"http_req_duration{expected_response:true}":{"type":"trend","contains":"time","values":{"med":249.25201149999998,"max":308.512736,"p(90)":261.315787,"p(95)":275.31443575,"avg":249.65486637276587,"min":2.668431}},"http_req_connecting":{"values":{"avg":0.07537870981288985,"min":0,"med":0,"max":36.063372,"p(90)":0,"p(95)":0},"type":"trend","contains":"time"},"http_req_duration":{"type":"trend","contains":"time","values":{"min":2.668431,"med":249.25201149999998,"max":308.512736,"p(90)":261.315787,"p(95)":275.31443575,"avg":249.65486637276587}},"http_req_waiting":{"type":"trend","contains":"time","values":{"p(95)":275.26082005,"avg":249.59061990307524,"min":2.594723,"med":249.19453099999998,"max":307.551237,"p(90)":261.2372609}},"iterations":{"type":"counter","contains":"default","values":{"count":23948,"rate":393.93007580858347}},"http_req_sending":{"values":{"min":0.006563,"med":0.017132,"max":5.390904,"p(90)":0.021721,"p(95)":0.023393,"avg":0.022159748690228614},"type":"trend","contains":"time"},"http_req_failed":{"type":"rate","contains":"default","values":{"rate":0,"passes":0,"fails":24050}},"http_req_blocked":{"type":"trend","contains":"time","values":{"p(95)":0.002845,"avg":0.07802808582120566,"min":0.001001,"med":0.002003,"max":36.103265,"p(90)":0.002605}},"http_req_tls_handshaking":{"type":"trend","contains":"time","values":{"med":0,"max":0,"p(90)":0,"p(95)":0,"avg":0,"min":0}},"data_sent":{"type":"counter","contains":"data","values":{"count":5359420,"rate":88159.20857232498}},"http_reqs":{"type":"counter","contains":"default","values":{"rate":395.60791394673595,"count":24050}},"checks":{"values":{"rate":1,"passes":23950,"fails":0},"type":"rate","contains":"default"},"http_req_receiving":{"type":"trend","contains":"time","values":{"max":5.242975,"p(90)":0.053362800000000016,"p(95)":0.05871549999999999,"avg":0.04208672099792073,"min":0.016571,"med":0.038743}}},"setup_data":[{"clientId":"3e227d50-e347-494d-b4e7-c32b2a7b0ffa","version":"2b762edf-fccf-4687-baa3-4c04b05e0ae1"},{"version":"162ee1c3-f702-4b24-be18-5f18037c2029","clientId":"81577985-4afb-400b-94eb-dddecadd3f71"},{"clientId":"86e79d7b-1a7f-427e-855a-5de954d33f41","version":"bf77f574-6d24-4ce0-a107-ac26b27508df"},{"version":"efe702e4-0195-4b64-b470-e50b59413809","clientId":"1087bad5-df7c-42d4-8d5e-14a6b929d610"},{"clientId":"77029bab-b98c-447e-a28f-316894eca0cc","version":"b90d27d9-0ab8-483c-b4e0-99fd008a31d9"},{"clientId":"21e81afe-3e80-4c72-b456-03945862bf3b","version":"c4615245-760c-46e2-91c3-9aba79a24276"},{"clientId":"85c3596c-1085-43a0-8d97-1a29e79d4c3b","version":"df296aaf-7679-402c-b027-11888258ec83"},{"clientId":"85aee100-f5a7-487b-a75e-6ff8743e85a8","version":"efd3c124-3331-443f-a779-85687ebf0e88"},{"clientId":"bf406c28-6893-43c3-ba30-73bb2122cb3b","version":"449903a9-888f-4c5c-ada4-d4279ee979e1"},{"clientId":"cd6e3ef4-88fd-467e-9cb3-1a821ad3847d","version":"3af16086-6459-4e25-a7a8-731f2a0c5b03"},{"clientId":"48bb2e44-f848-4862-a5ac-9cc29a709483","version":"7117f63b-1142-491f-a44f-bf9044faf05c"},{"clientId":"a8f2349a-0cd6-4828-90d3-9e5bdc9e716b","version":"36bcf2cd-fcfb-4cba-b8cd-689e0081d0bb"},{"clientId":"1db5e9c2-830c-46bf-8de5-a0cde4827b84","version":"d3ca1529-0132-400a-a001-f20a6cedd251"},{"clientId":"1351be45-ec68-42df-a9bf-2e69a999134c","version":"46290ec8-eeb5-4e6f-8657-b82320bb9a23"},{"clientId":"a389283f-bcb0-495d-962d-762d98251498","version":"fa8ae809-4116-497a-82c2-ee723fbe0304"},{"clientId":"19e764a0-d03b-45d4-8601-f7fe820ff043","version":"0323169a-f61f-4978-a3ca-7422921719bf"},{"clientId":"a8f79962-910c-437e-852a-10db8cb4fe68","version":"b0209939-cf3d-42ee-b3b4-4a2cb79be441"},{"clientId":"5173bc5b-04ab-4506-9c3c-07ffc0a9f334","version":"7feafaa6-33e9-41db-923a-29daa02fd57e"},{"clientId":"37c9db98-a6d9-40ab-9b2e-c4dc02d49531","version":"8396b2fc-f5fd-4d6e-9795-bc8cd738f796"},{"clientId":"67b34867-7d0d-4fb5-af9a-d7fa320bc1f8","version":"c09e0643-70d5-481f-a809-b8fd81bd19be"},{"clientId":"55104560-4332-4551-a827-fbbca1670e7c","version":"34a4fbaf-e706-4f9c-90b0-37a3c7605225"},{"clientId":"0f4d21fd-6eea-4eed-86ef-3c20cc5ab92d","version":"35d3f8fc-bff1-4f30-96fd-e401bf9d923b"},{"clientId":"b859494b-a947-4b16-ad2b-f808b53c5a8e","version":"14eb4fe0-9e09-46cc-8322-f01d793593b1"},{"clientId":"cbf5f52f-02a0-4c1b-8d04-0d6476c770a6","version":"1b3f4ac9-f167-483a-8984-97f3d85465e7"},{"clientId":"e7147a45-ae4b-42d2-873a-a7fb11e217e0","version":"259bc06e-a0e0-4d8a-974b-83ad46488f7b"},{"clientId":"52b2bc7d-7c4d-4f9a-9ec8-eb9795aaddf1","version":"f0861d88-a3de-43ce-99f5-f60f979adc24"},{"clientId":"3fd8e30e-80da-47cc-9d38-a4f0c40e7dbf","version":"1d00e58a-ad09-4c91-8e8b-61fd55b6e692"},{"version":"dc3ac92b-561c-4ec8-a9a9-348a64eb8068","clientId":"da0e8234-4cde-4b7c-a21d-d310631e2ceb"},{"clientId":"0f4548c4-beec-4351-ad78-329d2c735700","version":"d6816caf-3572-4715-99b6-24522b7baa2c"},{"clientId":"33c48b62-9769-4382-8de4-1e991b24cf71","version":"f7786cd4-ec06-4626-ae14-f48b989115c8"},{"version":"1c4da570-6bd6-4bf8-a918-cba1d1c6a99a","clientId":"6c15e5eb-dd03-423e-94a7-74a912d82832"},{"clientId":"c11498a2-7015-4f49-b114-2105cc9f4756","version":"1141506c-7d93-497a-b54b-2b1b02b45371"},{"clientId":"586f1e7e-2dd4-4938-9118-58aac00eeb8a","version":"1082a4b6-936f-4828-9137-64512b7428d7"},{"clientId":"5797d1e6-408b-4b9c-8b92-78467aa9333a","version":"aaf85a2b-3374-492c-bb8a-164f3572a5f1"},{"clientId":"78fe4917-7f8c-4fec-873d-4bd5777c2fab","version":"45a2ea23-ac12-44bd-9b61-243b5b83f977"},{"clientId":"cc279dc6-b70b-48b1-b91a-fb6d8664d978","version":"35e02711-3226-4db6-84be-db5ba835d2d4"},{"clientId":"c6dfecb5-31f4-4ed9-a2ce-cac4755e2e57","version":"360492b9-6684-4044-acff-83db9385fff4"},{"clientId":"9182e23e-4080-4389-8071-b57be5c28c10","version":"94aefe46-2e64-4287-b447-b3bc913befaa"},{"clientId":"a245a34c-0e03-4034-bc97-8b01cb1bc350","version":"0f673b8a-eb83-418e-8592-deb61101da04"},{"clientId":"f2ea2341-07c4-4c16-92ba-5de76122c8b4","version":"50e0911b-5d76-4275-b713-50dab5ec1196"},{"clientId":"778f5bba-7563-4da4-b790-cd4d57d72ed3","version":"6bfc50ab-9171-45c6-99df-ee0d025d0fee"},{"clientId":"0be1e2b9-7266-45ee-a4b4-2132b4759058","version":"ca96f7ac-1e91-489d-9535-3e50b79ece81"},{"clientId":"e024e72a-d3c1-425d-95be-998f14fa4fb3","version":"84c361ef-8424-4731-98ab-472a102ed963"},{"clientId":"7f586fd9-73f8-4126-a8fd-1db33896bd3e","version":"476d55f9-303d-4536-8974-5d4ee9cc63e3"},{"clientId":"60876c63-a37f-43f3-bdb1-7b70e83eda96","version":"48c3f82a-2eb7-4bf0-82d8-3a81eff24d91"},{"clientId":"63d74027-646b-4bad-b7ef-0d7ff7404959","version":"ef29a3d0-8c15-4689-8c1d-5c45fbe50e2a"},{"clientId":"191caedb-d160-4173-8e2a-465267b725b3","version":"6e74c007-945a-4676-a860-4931a973419c"},{"version":"681e66f9-013d-4d2f-9f1c-7e64ce7109ac","clientId":"81570067-8d92-48c1-b3c3-72f0d36fa423"},{"clientId":"41fbf0bf-d5e6-4774-9e78-4a5e2d83a97c","version":"d8d6589c-542b-4211-a33a-3614743220cd"},{"clientId":"98dfb488-076e-495e-86d2-172fa067d1c0","version":"fa466e4a-5996-4006-8734-2fc6a6c703c4"},{"clientId":"4711695e-116b-4ad1-93eb-3a5f712cf1b6","version":"c8455a2b-905a-42a2-9462-b7a01a8a6cf6"},{"clientId":"8970e99c-aa26-434c-8c07-0bc13825a78b","version":"702f1aac-2233-490d-b23e-e6e8440bb7f3"},{"clientId":"3318a6cb-3c26-487a-8684-493977377f31","version":"3c7a38a8-566f-44ae-9bbd-3f67c4a82107"},{"clientId":"16f88ad1-854f-4a54-8410-ee25c5296768",