{"state":{"isStdOutTTY":false,"isStdErrTTY":false,"testRunDurationMs":33784.818727},"metrics":{"http_req_tls_handshaking":{"type":"trend","contains":"time","values":{"avg":0,"min":0,"med":0,"max":0,"p(90)":0,"p(95)":0}},"http_req_failed":{"type":"rate","contains":"default","values":{"rate":0,"passes":0,"fails":22665}},"http_req_duration{expected_response:true}":{"type":"trend","contains":"time","values":{"avg":144.43965793143613,"min":1.377957,"med":127.859065,"max":3754.003748,"p(90)":142.7434344,"p(95)":149.70383379999998}},"http_req_sending":{"type":"trend","contains":"time","values":{"p(95)":0.030517799999999998,"avg":0.01581424266490176,"min":0.004498,"med":0.008877,"max":10.51634,"p(90)":0.027090600000000003}},"checks":{"type":"rate","contains":"default","values":{"rate":1,"passes":22665,"fails":0}},"http_req_receiving":{"type":"trend","contains":"time","values":{"max":10.736343,"p(90)":0.06373480000000002,"p(95)":0.07363879999999999,"avg":0.04039806887271118,"min":0.01037,"med":0.037049}},"vus_max":{"type":"gauge","contains":"default","values":{"value":100,"min":100,"max":100}},"iterations":{"type":"counter","contains":"default","values":{"rate":667.8739401365325,"count":22564}},"http_req_waiting":{"type":"trend","contains":"time","values":{"p(90)":142.67946080000002,"p(95)":149.6001334,"avg":144.3834456198976,"min":1.322636,"med":127.804438,"max":3753.947965}},"iteration_duration":{"type":"trend","contains":"time","values":{"med":128.05751650000002,"max":3754.133328,"p(90)":143.0047705,"p(95)":150.0386715,"avg":145.34886989351267,"min":1.632291}},"http_req_blocked":{"type":"trend","contains":"time","values":{"p(90)":0.002134,"p(95)":0.002575,"avg":0.16111622003089524,"min":0.000612,"med":0.001282,"max":65.81196}},"data_sent":{"type":"counter","contains":"data","values":{"count":7161078,"rate":211961.41550633928}},"vus":{"type":"gauge","contains":"default","values":{"value":100,"min":100,"max":100}},"http_req_duration":{"type":"trend","contains":"time","values":{"max":3754.003748,"p(90)":142.7434344,"p(95)":149.70383379999998,"avg":144.43965793143613,"min":1.377957,"med":127.859065}},"http_req_connecting":{"type":"trend","contains":"time","values":{"avg":0.15946622717846912,"min":0,"med":0,"max":65.790269,"p(90)":0,"p(95)":0}},"data_received":{"type":"counter","contains":"data","values":{"count":4762109,"rate":140954.10836685172}},"http_reqs":{"type":"counter","contains":"default","values":{"rate":670.8634485549774,"count":22665}}},"setup_data":[{"clientId":"09638270-e9f6-4f88-9195-21f02fa6ec44"},{"clientId":"ebaf9a75-b1fc-4e81-8969-89c01af257bb"},{"clientId":"2d7b81b4-b201-4316-8bc8-dd9f8f503804"},{"clientId":"ccb4f84e-f44f-4c12-811a-cbf6f5942e53"},{"clientId":"ce6fe52f-8c28-4d79-b2b0-67016d44cadb"},{"clientId":"e67aa07a-3330-4ba3-8a1e-95127adc04ca"},{"clientId":"9a11cb82-7a34-4367-9796-fa67ec05fd8f"},{"clientId":"53b39167-d9a0-4692-8af3-ca3c44aa3fe5"},{"clientId":"431bfcc7-cc69-445e-8ad2-1f1b7d882a02"},{"clientId":"ac3a4f24-2276-47e2-a09f-9eafa90c7693"},{"clientId":"7edbace8-378e-4462-b6d6-636e5852fab9"},{"clientId":"47c8a3d1-a485-4a09-9915-29fd612a8922"},{"clientId":"8160bcce-0e47-4652-89e3-cb87556a3183"},{"clientId":"ee6deae0-221e-4673-8eee-edcc95db0b10"},{"clientId":"82f00e07-a985-445a-8b00-02c5b90b3908"},{"clientId":"b753f47b-af57-46f6-a60e-97706c70c22b"},{"clientId":"00c33d67-f023-4496-9b67-9cb8e42eac05"},{"clientId":"b8cc4360-0dde-4946-98d2-2ae1a7415115"},{"clientId":"d6806707-d108-4d5c-b00d-34920a30363e"},{"clientId":"99e81c39-ab07-4aa4-87e6-ab754560dc3e"},{"clientId":"f2caaadb-db22-44c5-bf0b-f84e4adfeb7f"},{"clientId":"fa80ae67-73fc-472f-a151-874bcebe770c"},{"clientId":"bd0a01f2-f476-4a51-b950-3923cafd7244"},{"clientId":"080e9c6f-8e25-4e50-a211-4c4fbbc39a6d"},{"clientId":"8b823071-9d0c-4bb6-8bff-d5058931f970"},{"clientId":"4a0830b3-b915-4784-9d3d-56741979fdb1"},{"clientId":"e315551d-2c01-4f1e-8615-e9f5629a6a5c"},{"clientId":"49089194-a16e-401e-a228-082316792c58"},{"clientId":"71979bcc-effd-441b-89ee-79e3590781f9"},{"clientId":"62387b06-41fb-45da-8123-def2e7c1e1c4"},{"clientId":"f67872e1-fd5a-4dee-85d3-55c4d27fa016"},{"clientId":"704aea62-bec2-4f72-9810-e4309e81a2b7"},{"clientId":"033df098-e49b-437b-985c-57ef63b87a09"},{"clientId":"356064e1-ff3f-4964-b467-fdb5568f05da"},{"clientId":"ce6bd19b-b985-4624-bea5-f8599b30d081"},{"clientId":"ac14312d-1310-4195-a466-9788e57a419c"},{"clientId":"fafa0d55-6666-4605-8b38-2f3ddc063975"},{"clientId":"620dc577-187c-443b-a742-8fe25c45b974"},{"clientId":"4854346a-00e5-4713-8810-bfb388e1ffdc"},{"clientId":"dc07a873-84d3-4bc4-ab59-cf074690ebff"},{"clientId":"e35bce9b-2e3e-4492-ad25-7f310a11d787"},{"clientId":"31b9a085-8953-4555-ae69-906ae5069a9c"},{"clientId":"85a059f1-549c-4ce5-9264-92f1b582e2b6"},{"clientId":"97befd67-8de0-4f72-8bb1-67390febf2e6"},{"clientId":"e4eaba19-b333-488b-bf3f-8997632aa2cd"},{"clientId":"6f2cbbca-ef2e-4ab9-bb5e-ea4355cf75aa"},{"clientId":"c439a439-bf3a-4a4d-93b5-91a948b8c6d3"},{"clientId":"d01ba382-632c-42bc-bb08-c58674d2f797"},{"clientId":"684a05aa-7cad-4651-946c-178b85985759"},{"clientId":"22f6640c-1924-4504-89ae-720aaca10527"},{"clientId":"7c5a212f-a3ff-4e44-bb13-dd8ed95b9c8b"},{"clientId":"f38d6744-28f0-4974-80b2-3de7e37b4255"},{"clientId":"3ba1809c-8cd4-4785-b0e8-eac97794b64c"},{"clientId":"d6689e73-998e-4633-8ebc-b047a697a00b"},{"clientId":"bfca24a3-ae5d-4c3d-8ec6-92f98187d795"},{"clientId":"92fc8181-e6db-4968-9f98-6595ad2bffc2"},{"clientId":"e6cba664-95d4-4214-8c57-674b8799ace6"},{"clientId":"cf34c1fa-a139-486f-8789-e4e76cf7f93b"},{"clientId":"26d74143-5990-42ff-af49-72cb2e7c7bc0"},{"clientId":"67f21bb5-530e-4cae-a79e-cfad7cd1f6a5"},{"clientId":"23ffaae6-d94a-4313-9934-c24098355fde"},{"clientId":"673b7436-0841-45e9-9150-f794cf80504e"},{"clientId":"d6a83a19-1c59-4fcf-ab24-dcef1e1761a6"},{"clientId":"58036f0e-b916-4101-b0f6-858bd9b03100"},{"clientId":"bc2197c8-28ae-4407-a8f1-c3720dd5c91c"},{"clientId":"a6c5c9ef-1f40-44c4-a377-7f997afc0de8"},{"clientId":"2432f0cd-c873-497b-803f-0af7a16e5845"},{"clientId":"fb7751f4-bd8b-47cf-90b6-cf592363626d"},{"clientId":"054d0b90-8b80-4a0e-86d8-18211118952b"},{"clientId":"ee482780-8fe1-4e99-aecd-eef12a9062f2"},{"clientId":"f92c1392-7e71-47ac-92d1-e9e765a04155"},{"clientId":"086fb66e-1443-4702-9e7a-59384f53a495"},{"clientId":"86b9eec4-389a-4082-934c-a0aff926cd65"},{"clientId":"a2c54d75-abdb-4cb9-a59d-ee6f91c3d394"},{"clientId":"4d41a071-8fd8-44dd-81e3-463988fda0ca"},{"clientId":"e93722bb-717a-49da-9647-f012916f40d9"},{"clientId":"c1b24a4c-7b40-44c6-9720-8f67e5ea5f05"},{"clientId":"d5264565-416b-426b-bc7e-9bc8761045f7"},{"clientId":"f888b36a-3408-4b59-aac4-e3aa9d990416"},{"clientId":"bbe2cd91-e939-4b27-a0bf-9d1672f35572"},{"clientId":"f1f7c54c-ff92-4723-a783-58753518fd87"},{"clientId":"aa523de0-8254-47e6-b349-6481428acc45"},{"clientId":"c159d757-3efa-464e-b65f-3a5d7fce4495"},{"clientId":"6977042a-b52a-4471-9957-55061f01a6e3"},{"clientId":"212504b7-9fe9-4828-b8a3-3154df3afbf0"},{"clientId":"263413cc-7545-4f15-877a-d6c2e20e9b85"},{"clientId":"92f69fb2-771d-4fe0-9816-e04776e45d7e"},{"clientId":"412f5091-5a77-48b0-bdbe-cc5bcac74f38"},{"clientId":"e28c6bdf-0c51-48e1-be0e-9aef09385bec"},{"clientId":"e2db1fbb-e4f6-4dec-87d7-305cb7a558f6"},{"clientId":"44fda9fa-d4e7-4325-bd22-24b297be71a8"},{"clientId":"f3cd9b80-7230-4d55-adb8-6c0ad2da0f76"},{"clientId":"0cd3a6e2-2360-4f07-ba8e-159e28eaf99d"},{"clientId":"8fe7fb95-3c12-4f84-9ab3-30edff33100b"},{"clientId":"b2e608ea-7a25-49b6-a1e7-3f9a8dd9afc2"},{"clientId":"e2db7c17-c072-43b5-b1fd-2a0b9ba9274d"},{"clientId":"fbda3f1c-889a-4aa9-8b68-cb8cf50a7ca1"},{"clientId":"6b1672f8-9591-450d-939b-1aaf69181e83"},{"clientId":"ddd35b34-429d-44f3-9746-d32399eac2a0"},{"clientId":"5cb67836-c682-4c3d-85e1-bf46f97ed61a"}],"root_group":{"id":"d41d8cd98f00b204e9800998ecf8427e","groups":[{"checks":[{"name":"status is 200","path":"::setup::status is 200","id":"6a0be71c20f269f0733a66d88d45f346","passes":100,"fails":0}],"name":"setup","path":"::setup","id":"5c0f8025f7e0b6654089e5b00e950f1a","groups":[]},{"path":"::teardown",