{"metrics":{"data_received":{"type":"counter","contains":"data","values":{"count":9210809,"rate":151984.47005061686}},"http_req_receiving":{"type":"trend","contains":"time","values":{"avg":0.036909246992661085,"min":0.01608,"med":0.0339435,"max":0.800478,"p(90)":0.046818,"p(95)":0.05272314999999999}},"vus":{"values":{"value":100,"min":100,"max":100},"type":"gauge","contains":"default"},"http_req_connecting":{"type":"trend","contains":"time","values":{"max":31.191608,"p(90)":0,"p(95)":0,"avg":0.037699962239979165,"min":0,"med":0}},"http_req_sending":{"values":{"med":0.017303,"max":6.274687,"p(90)":0.02136,"p(95)":0.02892535,"avg":0.02080507423893643,"min":0.007705},"type":"trend","contains":"time"},"checks":{"type":"rate","contains":"default","values":{"rate":1,"passes":46054,"fails":0}},"http_req_failed":{"contains":"default","values":{"rate":0,"passes":0,"fails":46054},"type":"rate"},"http_reqs":{"values":{"count":46054,"rate":759.9216077231771},"type":"counter","contains":"default"},"http_req_duration{expected_response:true}":{"type":"trend","contains":"time","values":{"p(95)":138.94051485,"avg":130.1778916211859,"min":2.962796,"med":129.4976585,"max":177.964046,"p(90)":135.6274247}},"iteration_duration":{"type":"trend","contains":"time","values":{"avg":130.6409293939947,"min":3.588944,"med":129.65071,"max":501.293477,"p(90)":135.7820436,"p(95)":139.13287549999998}},"vus_max":{"type":"gauge","contains":"default","values":{"value":100,"min":100,"max":100}},"http_req_duration":{"type":"trend","contains":"time","values":{"min":2.962796,"med":129.4976585,"max":177.964046,"p(90)":135.6274247,"p(95)":138.94051485,"avg":130.1778916211859}},"http_req_tls_handshaking":{"values":{"avg":0,"min":0,"med":0,"max":0,"p(90)":0,"p(95)":0},"type":"trend","contains":"time"},"data_sent":{"type":"counter","contains":"data","values":{"count":12850381,"rate":212039.8269287221}},"http_req_blocked":{"type":"trend","contains":"time","values":{"max":31.242364,"p(90)":0.002444,"p(95)":0.002695,"avg":0.04050778240760991,"min":0.001132,"med":0.001784}},"http_req_waiting":{"type":"trend","contains":"time","values":{"med":129.441331,"max":177.915124,"p(90)":135.56922070000002,"p(95)":138.87511675,"avg":130.12017729995185,"min":2.904457}},"iterations":{"type":"counter","contains":"default","values":{"count":45953,"rate":758.2550405980621}}},"setup_data":[{"clientId":"de009532-f1ab-4283-a2c0-86587c544094"},{"clientId":"563ec842-6942-463e-83a9-e5d238f2f01d"},{"clientId":"75d42c7f-9171-45d6-b347-4ecf30e47cca"},{"clientId":"49f6fc3c-4ff2-44e4-a962-ca308f5c8b1c"},{"clientId":"6a6981c5-b931-473b-ac4b-eb10bb7861ab"},{"clientId":"5d70f917-ea22-46b3-aaba-eb640ea6b155"},{"clientId":"7e282c63-69e7-404b-89f7-df999168093d"},{"clientId":"63615ee8-607f-459e-8ffd-d6e4d1d6a7e4"},{"clientId":"b383edda-5ea3-4c1e-8ede-0b9d5d9b19b4"},{"clientId":"307a2be4-b6b0-4dbf-82b3-b6caedca2bd2"},{"clientId":"50f9a121-a296-42f0-8550-87adfab68699"},{"clientId":"65a7a0a6-0df4-45e2-8e1c-70e18f5a7aa4"},{"clientId":"3651ea20-913a-4716-a9a7-c3e71aa14cbc"},{"clientId":"f3299e55-d86f-47b9-bb61-6e21aa1c704d"},{"clientId":"7d244506-ed21-4a3f-9ad9-1bae40707e83"},{"clientId":"2f3c3b04-992a-45c9-96a4-1253df2da643"},{"clientId":"3b65e015-5e90-4691-9aad-d94b73f6682a"},{"clientId":"4d6f526e-ec2e-4b19-80c9-6b17559da27c"},{"clientId":"ab23ecdf-88ed-4bdf-82b4-ab6fa90429fa"},{"clientId":"fbfc202d-5929-4df2-887d-36180e978225"},{"clientId":"ae9e55f3-369b-48eb-9232-4c78b26be2ee"},{"clientId":"0c2b2c50-adde-44a1-9f3d-16f1df9ddb5b"},{"clientId":"8bad8f4b-769f-4ad8-9ad8-578d24649908"},{"clientId":"9d3ead5f-8ca5-49ad-ae57-bce18c591d82"},{"clientId":"22796183-b00d-4125-b561-3f058227a291"},{"clientId":"e52e0e7c-fb76-4afa-8111-f6f53e13765e"},{"clientId":"401d3a7e-c0b5-48ac-8ae3-c701f51aeee7"},{"clientId":"12194e80-ff49-43ae-ac53-bf16cc003687"},{"clientId":"d09b4f9c-f1f5-4b28-bc10-83845ba15ed2"},{"clientId":"d23fcb23-f8ae-4c55-a2dd-128e1233277e"},{"clientId":"a9fc322c-ec38-43db-864a-9e01da2aeecb"},{"clientId":"056adff6-ea02-402a-8bcf-d2d5d7b953ec"},{"clientId":"b21d316f-ae1c-458d-bdb6-7fb3eceba76b"},{"clientId":"17ee70ae-c6f6-464f-ba9c-298f52735004"},{"clientId":"fb023fdc-d725-4e4f-9da2-0eb6c76b282f"},{"clientId":"45f6d4cd-0a4b-4d5f-a720-3489caee501c"},{"clientId":"204c040d-cde1-4bc9-99d1-a5df61f5e26b"},{"clientId":"3b633928-7631-4c9b-a4fe-cf7a1f1febc8"},{"clientId":"40f98bca-ed15-41da-b3db-abce9322dd2f"},{"clientId":"c49ecec9-ea5c-4764-b785-f1051ccede14"},{"clientId":"0aebf9e6-f41d-43b7-8029-522df9d90592"},{"clientId":"97c1852f-84b5-4a0f-ac61-ec84cdcf9422"},{"clientId":"8b25d4a7-d59d-417a-b8dc-eee649ccb417"},{"clientId":"dbc2bc72-ed41-438b-8840-197f8e22bb1e"},{"clientId":"042805d1-00a0-4b8f-8303-195f2f1129a0"},{"clientId":"dc0ae6db-a11f-4b55-85ae-9cddaa73e210"},{"clientId":"5d20418d-4449-4f48-8f85-d32d21f660ac"},{"clientId":"c7e4c5d7-c64e-4d11-880d-f9e5d7ddbe5b"},{"clientId":"495cfbf6-54b3-48a8-97e4-87a3036887bd"},{"clientId":"0574d6be-b354-4c31-865d-5ca5a9d33257"},{"clientId":"f297c514-d5e6-4b9e-9db7-b11cd08a0699"},{"clientId":"3e88c1a5-9f31-4e65-bd3e-ff25496427d9"},{"clientId":"2fa35cbb-ca8b-4eb6-9855-1f61a56a3aa2"},{"clientId":"6db295ab-4692-411d-ad16-8c7c8221bd1d"},{"clientId":"daa376c1-6890-4fcb-a718-c219f8552671"},{"clientId":"e6b4e744-ab25-40db-a61b-ae99ff616537"},{"clientId":"fcc76b6b-8663-4561-b728-b5dac5aeec8a"},{"clientId":"c3e46bcf-64cc-4003-a1ae-af78a5c0fa29"},{"clientId":"96c39186-1212-4655-aaec-6e2c4753b955"},{"clientId":"6c4f17f3-5401-4970-9727-addec6480180"},{"clientId":"9db2b225-9896-41c4-be7f-27605bafb9dc"},{"clientId":"2313049e-2a31-4ed4-b34b-8524426f72cd"},{"clientId":"be9e68de-8cc6-4554-9eab-511c0470b86d"},{"clientId":"b66c92a9-e2a6-4a14-b86a-064ec84d0306"},{"clientId":"d63a43d2-7eee-4458-86b3-e715fca2c404"},{"clientId":"f666ed8c-93fe-40ad-b859-511e44126346"},{"clientId":"128ae6a9-7d14-487e-beec-68dc1d9f8a45"},{"clientId":"38fce251-43ca-49f7-b606-089ac5b31df2"},{"clientId":"3cb2a092-269c-4b77-a29e-f43f53682c9b"},{"clientId":"4a82a15b-84a9-4025-be7c-96deb43a8c94"},{"clientId":"1a705225-b99d-4988-ab49-adeb0ad92d49"},{"clientId":"8a2ae95a-dfb1-46fd-bb3e-3d88d3110b19"},{"clientId":"e3781cb0-e424-4354-b4ef-32b5fe7ea42d"},{"clientId":"292a889e-24f9-40a7-84d3-4d32cf445a0c"},{"clientId":"4ebd010f-0fec-4b88-a3a8-9aa0f31d0bf3"},{"clientId":"736d1984-235a-4b45-ab97-5ec0a99d2d19"},{"clientId":"844820ea-bfdc-4a28-a826-2adb29e29bde"},{"clientId":"ce93d491-5e43-4fa1-ab63-b7440ec41a52"},{"clientId":"9d77fa2d-cbec-4bdb-86bc-3c21c55c92c5"},{"clientId":"810317bd-1ee2-4374-9b0c-45dee4333f31"},{"clientId":"099a4adc-c863-4016-9ddc-69d49a275a0d"},{"clientId":"9ef306d9-ee0b-44b7-b24e-65b44879edca"},{"clientId":"e8162714-097b-4551-bd37-76c93d99d1c7"},{"clientId":"48c0d7a5-8ef7-423d-aaba-0602c5427433"},{"clientId":"91439824-dffa-432e-94a5-f383d681956c"},{"clientId":"56d15c34-a7db-469e-a7df-5b14423853c0"},{"clientId":"d30c9a9f-308d-48df-82f5-3a507ad815c1"},{"clientId":"c09ab780-b2f5-4229-a63f-75c250e91e72"},{"clientId":"341a5275-b061-4741-b807-8d3c4b3d13c7"},{"clientId":"48eed501-f0ff-48de-be88-016a3282decf"},{"clientId":"8e47e26b-fab5-43e7-8da0-038c83b4a47a"},{"clientId":"ab3e7257-7c40-488a-828d-16d3cfc67510"},{"clientId":"65ac568e-e2ae-46e6-b5ee-76b9b1fd69cb"},{"clientId":"f7621c6e-b056-40de-ae00-13d0169917cb"},{"clientId":"c5a24e4b-b5c7-4dce-abd7-1553283d0f83"},{"clientId":"ef664767-f43c-4667-9f8b-e5b5e346b71e"},{"clientId":"c55a0435-6492-4dc0-9d66-126f3d609552"},{"clientId":"d5f8b651-f478-4e65-bccf-e317bb08dfcd"},{"clientId":"ba306807-57ff-4b79-bc53-a8e800be7e34"},{"clientId":"7778ab02-bf01-4fd9-a8e9-5faacc7ebe8a"}],"root_group":{"path":"","id":"d41d8cd98f00b204e9800998ecf8427e","groups":[{"groups":[],"checks":[{"name":"status is 200","path":"::setup::status is 200","id":"6a0be71c20f269f0733a66d88d45f346","passes":100,"fails":0}],"name":"setup","path":"::setup","id":"5c0f8025f7e0b6654089e5b00e950f1a"},{"path":"::teardown","id":"a8a9942382e8ffe2e56ef29e664b8229","groups":[],"checks":[{"passes":1,"fails":0,"name":"status is 200",