{"state":{"isStdOutTTY":false,"isStdErrTTY":false,"testRunDurationMs":60760.181123},"metrics":{"http_req_duration{expected_response:true}":{"values":{"med":237.230031,"max":287.215196,"p(90)":248.7305598,"p(95)":258.4534607999999,"avg":237.56725457737508,"min":3.094152},"type":"trend","contains":"time"},"checks":{"type":"rate","contains":"default","values":{"rate":1,"passes":25173,"fails":0}},"iteration_duration":{"type":"trend","contains":"time","values":{"min":3.736241,"med":237.399078,"max":551.911168,"p(90)":248.936889,"p(95)":258.7448466,"avg":238.71267638342573}},"http_req_duration":{"type":"trend","contains":"time","values":{"med":237.230031,"max":287.215196,"p(90)":248.7305598,"p(95)":258.4534607999999,"avg":237.56725457737508,"min":3.094152}},"http_req_tls_handshaking":{"values":{"avg":0,"min":0,"med":0,"max":0,"p(90)":0,"p(95)":0},"type":"trend","contains":"time"},"data_sent":{"contains":"data","values":{"count":5632149,"rate":92694.7368474519},"type":"counter"},"http_reqs":{"contains":"default","values":{"count":25273,"rate":415.9467521803226},"type":"counter"},"vus":{"values":{"value":100,"min":100,"max":100},"type":"gauge","contains":"default"},"vus_max":{"type":"gauge","contains":"default","values":{"max":100,"value":100,"min":100}},"http_req_connecting":{"type":"trend","contains":"time","values":{"p(95)":0,"avg":0.07117125224547938,"min":0,"med":0,"max":34.36324,"p(90)":0}},"http_req_receiving":{"type":"trend","contains":"time","values":{"p(95)":0.05853419999999998,"avg":0.04145657998654693,"min":0.017863,"med":0.038422,"max":0.76538,"p(90)":0.05329819999999999}},"http_req_failed":{"type":"rate","contains":"default","values":{"rate":0,"passes":0,"fails":25273}},"http_req_sending":{"contains":"time","values":{"avg":0.02118926158350816,"min":0.007755,"med":0.017553,"max":3.065009,"p(90)":0.021832,"p(95)":0.02369259999999996},"type":"trend"},"http_req_waiting":{"contains":"time","values":{"min":3.016738,"med":237.170878,"max":287.164649,"p(90)":248.6740856,"p(95)":258.39284659999987,"avg":237.5046087358033},"type":"trend"},"http_req_blocked":{"type":"trend","contains":"time","values":{"med":0.002014,"max":34.399791,"p(90)":0.002624,"p(95)":0.002856,"avg":0.07439679673960406,"min":0.001032}},"data_received":{"type":"counter","contains":"data","values":{"count":57745179,"rate":950378.6514905777}},"iterations":{"type":"counter","contains":"default","values":{"count":25171,"rate":414.2680211740158}}},"setup_data":[{"clientId":"96fb1207-0869-4230-b471-f0e68e8a882d","version":"7edeaf54-46b8-4d9b-a9ad-93b59f389f37"},{"clientId":"2bdcbe23-18a2-411d-a983-0fd0600f760a","version":"87680ad9-84a2-4549-9434-a652360d9e62"},{"clientId":"d4ac2090-27ec-47bb-b5ee-e8e280d2deac","version":"4a3056a8-57fd-4fde-bed6-b222e39234af"},{"version":"ae7dc72f-9d16-4b91-a3bf-87a2b52e5050","clientId":"b0beb633-1380-45eb-8ed3-a7672a186ef2"},{"clientId":"b18328b7-32b8-411a-abdb-1844025c0d46","version":"dd0f65dc-ff61-477b-873e-36d333c9cd1d"},{"clientId":"934ee118-1948-4527-9049-9d0ca72df519","version":"2bce064f-2c44-4ebf-89aa-1e51d1b552ba"},{"clientId":"c305d942-4d17-4523-a6ab-502305b5e885","version":"859c7721-b782-4417-8845-3ee5714a3368"},{"version":"18358ec3-622b-4747-bcb4-3e4f03211388","clientId":"224ecc9b-a0d2-4481-9654-0f4d40fb7210"},{"clientId":"272547cb-1872-4f0e-957e-4385844e0cd5","version":"6d3e298f-0462-4f06-9d75-dd3c3f6a22b8"},{"clientId":"2e5e0630-ad6e-4662-aa5b-92360d9a5e50","version":"ca089b3c-55ee-424e-af57-81d2de5429a6"},{"version":"b0e07a72-44a8-4854-bf43-9ab05fea4d86","clientId":"2dcf71ce-279a-44f2-b101-8f149bb0f997"},{"clientId":"b677e0a5-e663-4f93-a2cc-09a2eeb976fe","version":"411f81cd-1067-40d7-beba-995385fa703a"},{"version":"e79f4c98-e431-432f-b373-0c260938edfd","clientId":"40ad7024-548a-40d2-b546-3f042e57ea83"},{"clientId":"9edd42e3-dfdc-4a82-ad08-340ee8bcd60d","version":"ebc14bc9-e395-4ea9-b3b6-962167555137"},{"clientId":"945eb3a4-5da7-43ad-b3ed-c0fe46457d70","version":"c42af9c8-7410-4ec4-a00b-3fc670d57c89"},{"version":"4485a00c-33f0-4f51-ba53-5da556d321cd","clientId":"97b0e710-c6f4-4518-b130-f9e935c93ca4"},{"clientId":"0bd71fd9-81b0-4b96-a353-336c5bfe927f","version":"0ed99682-e42d-4167-90c0-a20e45377d50"},{"clientId":"08809100-0ca2-43c9-9931-f78debc8f8b6","version":"d7748ddd-2499-4dd4-8604-60ab47841f61"},{"clientId":"a020face-dc68-4ad6-b50c-1ed806022944","version":"35477c15-adee-47ea-9861-5cbc50c9f5c8"},{"clientId":"e45c758a-40c8-4c3a-8f42-345bf665ebd5","version":"612acc2b-4d40-4bfc-b9f4-e88d65537082"},{"clientId":"281c0019-2b19-45c6-a92d-793c6ec1d169","version":"03e001b1-3d45-4893-8a57-f6150ee33e3b"},{"clientId":"a4705db5-adb9-4953-a1c2-c1c341dc12fd","version":"c6397fbd-ba38-4dbe-9ef4-ecf65581e825"},{"version":"1d06ea7f-76ab-4bc1-b2d9-f0083cf8705b","clientId":"7091cf45-220c-4dbc-9772-0387c3c09efa"},{"clientId":"e145865c-3725-4c58-9257-3fc30d85127d","version":"5e31504d-a84f-4599-b5a0-148641cc3dc2"},{"clientId":"5c0e4e52-3e6c-4cc6-9a3e-4b3c2caf81b5","version":"7f2a0d81-d263-4bfb-a7cf-43540f8f00ea"},{"clientId":"c25ee138-28c8-4582-8fe2-c691238aae3f","version":"17acb92d-4dcc-44e4-84db-045208d91349"},{"clientId":"c80371f2-fdf2-40de-bdcd-58bc9428c65c","version":"7c7df810-6688-4e4d-b7fc-13d81d088b0c"},{"clientId":"a06c3e75-f224-4b3c-b00d-783c7302c586","version":"6d8f8b76-c8db-4f27-a7d6-711563269324"},{"clientId":"18cfcb5e-1ab5-4558-8198-def24d8ff534","version":"aa4d7a78-23e4-4b5d-9bcc-0d387ef986fb"},{"clientId":"de7cfb02-c107-47de-a30a-02a7eb30d84a","version":"85e308fd-e2e1-40a8-a4db-0bfd403326af"},{"clientId":"29b464a8-740d-4c4c-9b7d-87e31707c44b","version":"fc2e95c1-e664-4bf7-a787-32a6b51e9520"},{"clientId":"5785a07d-0578-457a-81d9-069989494737","version":"e48082fc-46e7-41c7-b5a6-edab57087190"},{"clientId":"686042d1-8b77-4312-9930-616db07c1f61","version":"fc29eda2-0a57-474b-9681-1a96c4301eeb"},{"clientId":"a83c0365-cbe0-4bf1-9970-64f9241075a6","version":"244d15bb-9ad5-448e-a316-30a12428aa1d"},{"clientId":"525248d8-54d3-42b8-9961-0a2570a7fe36","version":"bf589ccb-705b-4ad2-99f2-6e3e0d12c168"},{"clientId":"0adcdcab-20e0-4b1b-8105-0b63ee80468c","version":"15b7e14d-bafc-4c5f-b9cb-9f23415658e4"},{"clientId":"2ac41d8a-8766-483c-baef-b946a6182565","version":"4bd55c9a-7ddc-41ee-9bcf-b90fae1b32d7"},{"clientId":"ea397391-e8e9-4136-b3ee-42b940591107","version":"1454e9d7-5039-496f-9791-2849dd426ce0"},{"clientId":"c2d2bdbd-4eb6-4780-8117-73dcbc9764ac","version":"f0476b17-75fc-4627-ac28-8056ee41170e"},{"version":"43bf94e1-85c0-46e8-a1e1-08ab31454f8c","clientId":"24fc7b31-bfdc-4207-ab38-74c95dbe4d72"},{"clientId":"57df98d7-f297-4cc0-8fc0-c4c3c3a5d88d","version":"9edde715-a1f7-4973-b90a-7feb565941ac"},{"clientId":"29dccd2f-47f8-4944-b864-f29d3224f36e","version":"f3926004-dbf7-4a63-97e7-7ac637a3fa70"},{"clientId":"fad5563f-fe90-439f-bcc9-e72e89a7d46d","version":"b4a8bc1c-0564-465f-bbe6-8a16bb67f3c8"},{"clientId":"4080d013-1ca0-4abf-b2ad-de2dcccc74d0","version":"771841fb-a96d-4846-8ca8-9523c5c42831"},{"clientId":"c98f8955-93a2-4972-ba1d-3f1ca198a843","version":"fe575518-0c7c-4ee8-8407-7831e48c9fc8"},{"clientId":"1a3f676c-e86d-4550-81aa-394d8b14bce9","version":"98a6cdbf-3908-48a7-b4e1-1891239b37ee"},{"clientId":"976fef70-0229-403e-96ec-9a588a342f94","version":"31a169c1-7d0c-4c8a-bd5c-4507891d219f"},{"clientId":"b562dcd3-582a-4148-acb5-c455dbe91d7a","version":"32fc85f9-c16e-49d0-b609-90d4c1d5e916"},{"clientId":"198babc7-13a2-4d9f-a9a7-4588864930e3","version":"88aea63b-fe5f-46fd-9113-7c63a09395b5"},{"clientId":"ef6a42a3-9f98-49cc-aaeb-12069e81a788","version":"e6800459-6009-4611-bb03-accce601c08a"},{"version":"fb467e3c-7bd8-4934-8a13-4c0b59eca1d4","clientId":"a980e543-8e20-4ef8-aa4f-689244581c65"},{"clientId":"3491b5c3-3ee6-4e24-82db-9557a12e158d","version":"6fbc8871-fdef-41fd-b84d-8557b7140501"},{"clientId":"ac5ac1b2-8703-43a3-ac12-065b713b0c22","version":"ba79ce30-f5af-4e12-80a1-428bc8ff5338"},{"clientId":"3f41896f-7c36-46ba-afbb-743679af32d3","version":"a3ab38f6-8a5d-4acd-9393-caed15c5dc24"},{"clientId":"9919d2f4-3d9b-4a59-b196-665983a5aa70",