{"metrics":{"http_req_blocked":{"type":"trend","contains":"time","values":{"med":0.001313,"max":82.038272,"p(90)":0.002225,"p(95)":0.0026952000000000005,"avg":0.03908741165264045,"min":0.000611}},"data_received":{"type":"counter","contains":"data","values":{"count":43137763,"rate":1391315.8288200572}},"iteration_duration":{"type":"trend","contains":"time","values":{"avg":159.8273512517427,"min":12.273075,"med":154.559257,"max":855.448045,"p(90)":176.20962600000001,"p(95)":188.92107180000002}},"http_req_duration":{"type":"trend","contains":"time","values":{"med":154.384899,"max":769.412343,"p(90)":176.0043,"p(95)":188.57035500000003,"avg":158.84961668989848,"min":6.738018}},"http_req_waiting":{"type":"trend","contains":"time","values":{"min":6.668833,"med":154.331373,"max":769.365124,"p(90)":175.93188320000002,"p(95)":188.52451580000002,"avg":158.7918877489548}},"http_req_sending":{"type":"trend","contains":"time","values":{"avg":0.012616205641107051,"min":0.004389,"med":0.008195,"max":1.302669,"p(90)":0.0250774,"p(95)":0.029137800000000005}},"iterations":{"values":{"count":18795,"rate":606.1923285793233},"type":"counter","contains":"default"},"http_reqs":{"type":"counter","contains":"default","values":{"count":18897,"rate":609.4821193489477}},"checks":{"type":"rate","contains":"default","values":{"rate":1,"passes":18797,"fails":0}},"http_req_tls_handshaking":{"type":"trend","contains":"time","values":{"med":0,"max":0,"p(90)":0,"p(95)":0,"avg":0,"min":0}},"http_req_failed":{"contains":"default","values":{"rate":0,"passes":0,"fails":18897},"type":"rate"},"http_req_connecting":{"values":{"max":79.952139,"p(90)":0,"p(95)":0,"avg":0.03674214589617399,"min":0,"med":0},"type":"trend","contains":"time"},"http_req_receiving":{"type":"trend","contains":"time","values":{"min":-0.616746,"med":0.041247,"max":0.543979,"p(90)":0.067479,"p(95)":0.07800500000000006,"avg":0.045112735301899784}},"vus_max":{"contains":"default","values":{"value":100,"min":100,"max":100},"type":"gauge"},"http_req_duration{expected_response:true}":{"type":"trend","contains":"time","values":{"avg":158.84961668989848,"min":6.738018,"med":154.384899,"max":769.412343,"p(90)":176.0043,"p(95)":188.57035500000003}},"vus":{"type":"gauge","contains":"default","values":{"value":0,"min":0,"max":100}},"data_sent":{"type":"counter","contains":"data","values":{"count":4134713,"rate":133356.28100437348}}},"setup_data":[{"clientId":"c4ab845b-b7cb-43d0-b1c4-9b2463df8460","version":"effd11a6-05d0-404b-9684-6e463927b959"},{"clientId":"4d781e39-d5a3-42ae-b2b2-5adb3f52cbf2","version":"c62f3740-f3f7-4cc4-b017-bcccd75f6648"},{"clientId":"fb8810f1-f206-4b6b-adcb-9cab25dadc28","version":"1ed7bbe3-5cfe-408f-9e88-eabc0d7e0c9f"},{"clientId":"107d570c-3a61-4548-8151-8add9fe0b611","version":"1e60ee33-df94-452c-b7ce-12d43b1d6d5b"},{"clientId":"d69836ae-ec94-4acd-969a-e32a369111c0","version":"f3e3a5c0-1ca8-49e8-863e-d56545458d07"},{"clientId":"0cfb0ae3-5473-49cd-9faf-1551c56450c6","version":"ac983e23-34ea-4d57-9336-7aef90574713"},{"version":"b92b45e5-a234-467f-8dd0-0ef2571174ce","clientId":"f0940d51-b942-4f57-9537-0a951fa02b77"},{"version":"d0bab732-9394-4068-a323-5bbbc2815fcc","clientId":"5e00b8df-debb-4af0-bf1c-7f3dab932652"},{"clientId":"d5e24630-b2f1-4f45-8884-2aa909edec5e","version":"d6f983fc-d5b3-42b2-84eb-634903224937"},{"version":"eca83c0f-ba09-4c6c-a910-2d5202e4a3d5","clientId":"ed2720a8-7a8e-4e0c-8f19-42b105909440"},{"clientId":"fd4a1fc8-195f-4265-b839-840aad7bba46","version":"012ec584-29d4-4226-b4c8-ecbe9bcb313c"},{"clientId":"4576afc7-f86e-4c9e-9b56-c5d6c6033e4e","version":"9bd94ae6-41d2-4adb-b567-b666938fadf3"},{"clientId":"037868ed-68c8-4438-a4be-a4e30e26d5a0","version":"01a42ea1-e914-483f-93a8-b062c8fbe9fd"},{"clientId":"1dbbd107-c129-4251-a5e7-67e00a77249c","version":"a681ffa1-2d23-4058-8cf8-897cd05b4778"},{"clientId":"66f28799-eb58-44a0-932b-f97c865be069","version":"9b60f03e-d55a-4bb5-94ae-75d9c86982f7"},{"version":"a6a70ee9-99de-40fe-8f19-25bea871c5f6","clientId":"5336bbaa-85cf-48e4-b98a-9408fe4eb1d5"},{"clientId":"5293d374-6b58-48c0-86af-ff1054b10829","version":"5845c796-b65f-4b50-acd9-cd27307724d5"},{"version":"821b01d1-b118-46cd-8713-1024cf30a586","clientId":"a8e9c540-16bc-4efc-9ad7-c77751f208cd"},{"clientId":"cd5ced87-9392-4060-93e0-b42da493a258","version":"3438392d-22f5-42a7-91d7-3c103909808b"},{"clientId":"a1b10ec3-e1bb-486b-a02c-d5eed198f0e3","version":"1a2abd6e-a352-4ea4-b81d-bef8445f3ebe"},{"clientId":"8d7188c5-fa44-4e12-9cf3-e245f05f77b9","version":"43a7ab22-4d8a-4797-b011-3fc07aef31aa"},{"clientId":"33876e6e-c16c-473b-91db-df57e11845ee","version":"d25cceac-749b-47fa-8885-e1e1e4f66c5b"},{"version":"e3236134-7c39-491e-80b2-c2b894362afe","clientId":"572beb52-11ab-453b-a2ae-6802d29bb5af"},{"clientId":"d92a207a-d9e9-4c31-8df5-68067193400f","version":"78fa806d-140d-4d66-92c0-a9901c9dbaf5"},{"clientId":"563bead8-8d90-4bab-ac5e-c744e3e5be06","version":"077f3a7c-518c-4697-a01a-b463c0390114"},{"clientId":"72f3bae5-ba41-4995-b2f2-5f3179f1e5b4","version":"62bf6fdb-746a-4a26-a923-fca77b9444c7"},{"clientId":"ae4318c5-1bc5-409d-a419-7b16fca41749","version":"2718dddc-0b35-43c1-b5f4-9a2762ff826b"},{"clientId":"a82c664b-2edc-46cb-b0d1-58f638e1c0ab","version":"29295f37-475d-47a6-838a-08cc2db5baa6"},{"version":"7117c16c-97c4-4cc3-9c3b-f6d98e31c983","clientId":"f576aca6-0a09-4b38-80cf-bcc1da47c764"},{"clientId":"70e17163-5b5d-49af-9789-23ce8c9d32cf","version":"337d8878-5d9c-4cfb-b408-84bacb20ea00"},{"clientId":"53c3a9e8-aa80-404d-a690-767fed0bd7c2","version":"b545909a-512f-42e0-8df6-d6d74556cba9"},{"clientId":"a484330b-4e25-4231-8398-82a959d27618","version":"3860c519-3f6b-4ae0-a075-a62e9f504a68"},{"clientId":"0a4d2740-bdb6-4bb2-9711-91cfe2faf5b7","version":"0bacb50b-1390-4a04-813f-0e490fd5236f"},{"clientId":"c729dea8-34ca-41c6-ade2-ee1b15804e1b","version":"69a94a86-f8c0-4fc2-a688-92b76649fc90"},{"clientId":"38fdeaa2-114b-4b75-a024-6e318c898d59","version":"2f369d66-5a6d-4b32-815d-a01bc6f6f034"},{"clientId":"66dbaf69-96b5-49ce-abe5-8f594b651968","version":"d0744e26-89ab-4a6f-9908-c1a30a1cd7a5"},{"clientId":"ffa8789d-e3ba-448a-8082-56e39f05d9ef","version":"55570586-317b-450c-8a2b-e3a2ad2764f8"},{"clientId":"a44fb8a8-72a5-4941-aa70-82975c1aab9a","version":"7cb71a3a-5719-4336-a6f4-d05769fa8327"},{"clientId":"10005287-4085-4096-966b-b393b0cda9a7","version":"f36a384d-647a-477b-8ee1-e75de777e1ab"},{"version":"335c760f-4f0a-45c2-9f8d-3303c8889d37","clientId":"e1fbf54f-85fd-4a5b-b884-3004a3191148"},{"clientId":"1bcb4ebf-de4c-44ad-b36d-84525f3d749d","version":"c9b5ec51-5e76-41ef-9412-80bee43b6390"},{"clientId":"a55149ac-9365-4ca5-a040-7d6ebbc1034f","version":"b391eb07-88e9-44b0-8ee4-c6105db113f4"},{"version":"08cb2b74-2745-4571-a318-1a162dde3302","clientId":"57b9fc36-ed80-4def-9f93-ad8fef2a8831"},{"clientId":"f66a6cb7-e907-4364-90e5-9b7f6af51151","version":"cd208d66-5c7c-4dda-94b2-7bd4fdc1cef7"},{"clientId":"268bd7ff-b4e4-4f3f-ae98-44b5296d8fda","version":"8f1f5815-b113-4f9a-af8d-d752460e5f82"},{"clientId":"0f8634e0-c830-4ac5-bd80-6419c7d9c1e2","version":"43a10ce0-fa40-4199-999c-9050025ad025"},{"clientId":"3aa66f84-c975-4bf5-bf00-fd8215721b7a","version":"33136a43-07b9-472d-abac-0f55590dcad0"},{"clientId":"9e3c7611-e8d7-4f22-ba33-9a52719a6099","version":"d071b465-30cb-4583-b4e3-6460183a6e9a"},{"clientId":"10e4b91f-103d-4c16-b0e8-f4628ba2ca71","version":"05f96c7c-fc39-4da2-b981-958739134163"},{"clientId":"dde63cde-c6fb-47ca-9571-18ec031aa78d","version":"1eecebc3-cdf9-40b2-8374-b60a185c35aa"},{"clientId":"117550a9-eb80-43be-a1e5-478b4e0c0170","version":"07426a9d-1869-46a7-9be9-d41f061966eb"},{"clientId":"be1eab04-1668-4ebe-9cb0-2e89c229dde2","version":"577a1869-0454-46a0-a246-bc19224724b7"},{"version":"f4888f52-2dcc-4263-bd5a-dbbd69747aaa","clientId":"07dc7422-b084-4aba-94a8-8dbc3dc950e3"},{"clientId":"739a2b2a-4963-4f52-ba4f-5f1693d3ef45","version":"98f6504e-5580-4661-8c73-c3678c821fd3"},{"clientId":"d035edd4-4e91-483e-9832-875e49f3ff5a",