{"state":{"isStdOutTTY":false,"isStdErrTTY":false,"testRunDurationMs":31442.741987},"metrics":{"http_req_blocked":{"type":"trend","contains":"time","values":{"avg":0.11830527701746166,"min":0.000791,"med":0.001543,"max":113.655253,"p(90)":0.0026246000000000004,"p(95)":0.003176}},"http_reqs":{"type":"counter","contains":"default","values":{"count":10595,"rate":336.9617065960883}},"http_req_tls_handshaking":{"type":"trend","contains":"time","values":{"med":0,"max":0,"p(90)":0,"p(95)":0,"avg":0,"min":0}},"http_req_duration{expected_response:true}":{"type":"trend","contains":"time","values":{"p(95)":319.3536982999997,"avg":283.62712974450164,"min":4.18149,"med":258.651808,"max":1225.085804,"p(90)":292.8427134}},"data_received":{"type":"counter","contains":"data","values":{"count":205447414,"rate":6534017.105917232}},"data_sent":{"type":"counter","contains":"data","values":{"count":2316576,"rate":73676.01721751201}},"http_req_duration":{"type":"trend","contains":"time","values":{"max":1225.085804,"p(90)":292.8427134,"p(95)":319.3536982999997,"avg":283.62712974450164,"min":4.18149,"med":258.651808}},"iteration_duration":{"contains":"time","values":{"p(95)":320.35824519999994,"avg":286.6322177566448,"min":4.436733,"med":259.071722,"max":1225.155837,"p(90)":293.2719292},"type":"trend"},"iterations":{"contains":"default","values":{"count":10493,"rate":333.71771470625333},"type":"counter"},"vus":{"values":{"value":100,"min":0,"max":100},"type":"gauge","contains":"default"},"vus_max":{"type":"gauge","contains":"default","values":{"value":100,"min":100,"max":100}},"http_req_receiving":{"type":"trend","contains":"time","values":{"min":0.01601,"med":0.053592,"max":2.613399,"p(90)":0.085252,"p(95)":0.097695,"avg":0.060230807833883966}},"http_req_sending":{"values":{"avg":0.023170225861255195,"min":0.0055,"med":0.01054,"max":5.387076,"p(90)":0.028620400000000004,"p(95)":0.033945},"type":"trend","contains":"time"},"http_req_failed":{"values":{"rate":0,"passes":0,"fails":10595},"type":"rate","contains":"default"},"checks":{"contains":"default","values":{"rate":1,"passes":10495,"fails":0},"type":"rate"},"http_req_waiting":{"values":{"p(90)":292.7468172,"p(95)":319.11133889999996,"avg":283.5437287108068,"min":4.133889,"med":258.570105,"max":1224.995212},"type":"trend","contains":"time"},"http_req_connecting":{"type":"trend","contains":"time","values":{"p(95)":0,"avg":0.0875011587541293,"min":0,"med":0,"max":113.631138,"p(90)":0}}},"setup_data":[{"clientId":"4754304f-8265-404f-b54c-32d5b50a4e01","version":"3663f390-49b2-4318-9d29-7d27d2281273"},{"clientId":"2ece5b8b-4917-4444-83db-084010e02943","version":"641d5f35-5b0c-42d4-8718-d5f0cc51af45"},{"version":"23cd600d-de6c-463f-a3df-50e1ffa70900","clientId":"da1e8a45-f069-43cc-9231-15da18f9c579"},{"clientId":"6b96156e-02ac-4312-b24b-1bd5d654c93b","version":"c687287d-aaac-4879-8c52-37e8abedb03e"},{"version":"923592d0-7351-46e1-bfda-2a75c95c5c04","clientId":"943b710c-428c-4606-959f-80cc1ec9ca67"},{"clientId":"b4423b9d-579c-4599-b4dd-44b477f3fb6a","version":"8c14de4f-c31f-4644-b387-6505a4efa6ba"},{"clientId":"02ef9e8a-cd05-451e-892e-ab0aa81a1319","version":"e28ea12b-e487-4c7e-b6f3-66f7f933c7ca"},{"clientId":"138c4c47-1f96-4e5a-889f-e1de52eb2a59","version":"b92f71c9-6518-44be-9626-fc65f3f0bfdd"},{"version":"5919a5ce-079b-455a-a89d-bb96328079a7","clientId":"81bf0880-5fb3-426d-aae3-b9b0b1e40f02"},{"version":"43474ab2-5a13-4afc-85fe-f7587307d2c6","clientId":"8aab3425-3cf7-4409-b866-7b08b0062cdc"},{"version":"b2e77349-0fda-487e-8389-f1dbb58a7428","clientId":"6c1eac8d-58f5-4cc2-a7c2-83eae470a39c"},{"clientId":"807f7459-13b4-4bcf-b625-58d34b56b96b","version":"54933238-3b4a-42a7-a1b7-00996a3a5565"},{"version":"79529065-d190-44e3-83ef-17d8a27dfecc","clientId":"1e3282cd-c0ba-4302-9775-27c2994a96c1"},{"clientId":"9961a5d5-6157-43b1-a40a-701a57d41f53","version":"7e4c76b8-413b-433f-9cd7-d5fc78edcc18"},{"clientId":"b46cd375-bc8c-4f8c-97eb-0e6227b4dafd","version":"00ffd974-4422-4f70-8077-0dda25723a46"},{"version":"1d99829f-edb4-4136-b83d-4bde0bf3df14","clientId":"0d7da329-b005-46e5-b5d6-e4ce8060a28f"},{"clientId":"3fe3c720-131d-427a-9f7a-3dde93818737","version":"93ac2a55-f4aa-4cc1-b21d-8199766c6b77"},{"clientId":"9241851d-e1d5-4916-b1a4-0ead8896f36b","version":"0bb34884-faf4-4ea1-b675-f2249d93f7a1"},{"clientId":"06655cd0-cdfe-4999-b890-b3edb18dea8d","version":"bd49cc3b-0a71-4c60-adb1-f15c56c4bc48"},{"clientId":"bd2b91b9-fb4b-414f-978e-bc2fb7084759","version":"8a3fcd98-158f-4d4a-b243-a670089206bf"},{"clientId":"a37a1b71-4b52-4ac2-948a-ece53cf9fa84","version":"cb80a21d-f078-4454-ab68-8b81af2355e6"},{"clientId":"0048b3fa-d95f-4298-a09b-481b5c55565b","version":"0ad51f20-1e89-4ab8-b2f7-173a7a894589"},{"clientId":"fdc08f2d-9b63-4b12-9d41-4373f92e2c25","version":"53e5bfa6-fbb4-4ab5-a2a6-bb84667256e6"},{"clientId":"4a2b51bf-7bb0-43c5-bee0-37ab9d9d1571","version":"15f2afc8-7187-453b-a766-50b3ed8c39a1"},{"clientId":"52f26416-1a6e-4928-bee0-bfb11fb8a168","version":"a02a7367-8657-482d-8199-fa8e060be0bf"},{"version":"4880c5b4-670e-4227-b41f-0114ee0938a4","clientId":"4d59f089-bc62-4ab9-9acc-9d3406b99b80"},{"clientId":"9b7a563c-df0b-4a01-9726-f69990f55254","version":"f5418972-de3b-4609-a495-6c410c639f32"},{"clientId":"24ecb739-e6cc-4ea8-98b2-b8c0fd2aa03f","version":"9859637e-7909-4f87-93c6-f1b0bc55ca85"},{"clientId":"691c963f-360c-4395-849b-79b00b26f9e9","version":"e43c6901-fe9d-43df-92cb-69db3516bcd1"},{"clientId":"21e429ee-3edd-4bf5-aa71-830a013843bb","version":"66bc6f90-3bdc-4f48-b451-ff8d0482ad05"},{"clientId":"be89ae03-57c0-4bd8-916c-242061965344","version":"be491eb2-de25-405a-9ce8-136d9b8709b9"},{"version":"216ccc56-1f75-4394-9803-54b803c96cf8","clientId":"99e17359-dcab-4760-a686-c324964fefb7"},{"clientId":"3d469166-cee1-431a-a91a-60626dcec3b6","version":"cf7faab1-aaf4-4da3-a7c7-c9e644366289"},{"version":"56023175-7827-419d-b8a3-a425b19b171b","clientId":"9dfc7864-858b-4380-9234-fe4c1834aa1c"},{"clientId":"f06d4332-2374-488a-b4a1-4891f8b66ad0","version":"d323b0b0-dbae-4fa3-9d7a-62ef1de89a8e"},{"clientId":"e13e304c-7b1c-433a-84b4-f21c92ed1b8d","version":"510ff7ea-5138-4750-8c96-a3f6eafb3948"},{"clientId":"73829aed-0c48-4d15-aab6-174eaa06f2f2","version":"7f3edba5-21d6-4a84-938c-14bf1b28fbbe"},{"clientId":"c65e3b42-5094-46ef-9c06-c37c22797d54","version":"c30e1adc-2cdb-46cb-91b5-c452ed548d27"},{"version":"9055ffe8-ce06-4f90-8502-55fa6fb89844","clientId":"15562ebb-14cb-4c3c-8ad5-2279b6dfa850"},{"clientId":"79f2302c-29e4-4359-b3bc-636f7c340aac","version":"3236e1d3-3df8-45b4-92e5-37961d638969"},{"clientId":"755cf22a-b5ce-4924-b6f6-0fa7a3661330","version":"c771ee30-11f6-4f90-9c63-becc02222d4a"},{"clientId":"a1ff4d05-ef53-4479-93c2-8eceba15b5e7","version":"05b1e5ee-8ab9-4fac-85fa-37d7aa5cc2f6"},{"version":"5c093047-17f5-436e-9c33-49e1dcf3dd76","clientId":"b34a77e1-7397-4bf3-ace4-dd527efa6e7e"},{"version":"0e5799ca-5c6f-49f8-a76b-74a65789cf55","clientId":"1234d4ff-0748-45b7-a14a-117e43d96755"},{"clientId":"946e0567-f98b-43b0-a610-db405893662b","version":"c3b7dc10-5531-4bc4-bc10-1b5e6b211bc7"},{"clientId":"e12040c4-0609-4976-ab44-2126d2161e29","version":"8bc66701-0b77-40e1-9f12-a8a4b88a77f7"},{"clientId":"998c9426-10a1-4a77-8fe6-1b2eac466242","version":"b8f2e06a-ace2-45d1-922f-dda3fc4fa872"},{"clientId":"222f9475-d352-40ae-82a0-a4ee620537de","version":"d90f92c8-41d2-4935-bb90-c64f7b816414"},{"clientId":"a9a86d82-2590-4e91-9363-320f464dd053","version":"8ef0f280-a69f-43d7-84f0-9b8c8aceb5da"},{"clientId":"37a42550-5784-4bdf-bdfe-f00fa43246d6","version":"da4eac2b-9ebf-4eae-b287-427a7bec48c4"},{"clientId":"6383c374-1b07-46ba-a11d-62cafb46d382","version":"5c5f79a2-a9ba-40de-be6b-1911efe71ca1"},{"clientId":"acfcdfec-bbb7-4b25-9670-e86a667dadb6","version":"7ef335e2-5fa3-4ea3-9e33-e9c707ab6858"},{"clientId":"95dcab54-d1b5-477e-9795-3bf912335dfe","version":"8fcfc86a-c3f4-40b0-92a7-0b8bd5469d64"},{"clientId":"5f12b18c-04a6-4f80-a533-2292cdfe2b54","version":"57dbaaec-04fb-4b21-90ff-5f4b8afdc048"},{"clientId":"9aed0d51-3916-4e57-bdc2-e679ed5bd90d",