{"options":{"summaryTrendStats":["avg","min","med","max","p(90)","p(95)"],"summaryTimeUnit":"","noColor":false},"state":{"isStdOutTTY":false,"isStdErrTTY":false,"testRunDurationMs":60711.995557},"metrics":{"http_req_duration{expected_response:true}":{"type":"trend","contains":"time","values":{"avg":217.01545544799154,"min":3.356237,"med":215.664342,"max":322.323788,"p(90)":229.632037,"p(95)":241.75679479999997}},"http_req_sending":{"type":"trend","contains":"time","values":{"avg":0.03381356860334725,"min":0.007643,"med":0.017093,"max":12.947628,"p(90)":0.020919,"p(95)":0.022754799999999988}},"checks":{"type":"rate","contains":"default","values":{"rate":1,"passes":27559,"fails":0}},"http_req_waiting":{"type":"trend","contains":"time","values":{"avg":216.94477327025658,"min":3.286276,"med":215.610522,"max":321.913917,"p(90)":229.5849998,"p(95)":241.65304369999998}},"data_sent":{"contains":"data","values":{"rate":101532.25805619684,"count":6164226},"type":"counter"},"data_received":{"contains":"data","values":{"count":15565452,"rate":256381.8213714658},"type":"counter"},"iteration_duration":{"type":"trend","contains":"time","values":{"avg":218.01465516840312,"min":3.964231,"med":215.826524,"max":524.050476,"p(90)":229.9279358,"p(95)":242.0110417}},"http_req_blocked":{"type":"trend","contains":"time","values":{"avg":0.09065063317546,"min":0.001232,"med":0.001804,"max":45.230075,"p(90)":0.002395,"p(95)":0.002666}},"http_req_failed":{"type":"rate","contains":"default","values":{"passes":0,"fails":27659,"rate":0}},"http_reqs":{"type":"counter","contains":"default","values":{"count":27659,"rate":455.57718447966516}},"vus":{"type":"gauge","contains":"default","values":{"value":100,"min":100,"max":100}},"http_req_connecting":{"values":{"p(95)":0,"avg":0.08752316244260462,"min":0,"med":0,"max":45.177005,"p(90)":0},"type":"trend","contains":"time"},"iterations":{"type":"counter","contains":"default","values":{"rate":453.8971211072755,"count":27557}},"http_req_duration":{"type":"trend","contains":"time","values":{"avg":217.01545544799154,"min":3.356237,"med":215.664342,"max":322.323788,"p(90)":229.632037,"p(95)":241.75679479999997}},"http_req_receiving":{"type":"trend","contains":"time","values":{"p(90)":0.045845199999999996,"p(95)":0.05118989999999996,"avg":0.03686860913265125,"min":0.015831,"med":0.033974,"max":7.12537}},"http_req_tls_handshaking":{"type":"trend","contains":"time","values":{"avg":0,"min":0,"med":0,"max":0,"p(90)":0,"p(95)":0}},"vus_max":{"values":{"max":100,"value":100,"min":100},"type":"gauge","contains":"default"}},"setup_data":[{"version":"3016541e-d913-4440-ac28-3bf9a638911a","clientId":"d71617f5-5961-4f25-a2ae-cde01bd6015a"},{"clientId":"825ebe13-5062-4ee0-98da-d4475f3ac2d9","version":"043f7fa5-63ce-44d2-a130-3edd1bc85325"},{"clientId":"5b39f9e9-ac89-41ae-a6be-db1725f85aa6","version":"edf91c3c-b47a-4811-b3f4-e0e35166cc82"},{"version":"94b7eddf-5812-4490-9049-cbe1672db563","clientId":"161a03db-55b4-4cd6-a55d-24768176fe5e"},{"clientId":"6bad5176-9761-4716-8378-e5c711c034fa","version":"81014e2e-9171-46e3-b5b1-20516b86720f"},{"clientId":"cbd55106-05b6-45d0-96fc-f0bdb794a09b","version":"1097ca63-2174-4f83-9800-74b3280abeef"},{"clientId":"a5442a0e-65cb-40e7-b658-008112c99fc7","version":"487a616e-f681-4fb2-8d01-e016abfd0bf2"},{"clientId":"661099f5-94a8-48fd-b194-3732d0dd1475","version":"318aa303-6fde-4ca5-95b4-4ab34f255db2"},{"clientId":"97043ce5-adf4-43e6-bf59-29e85b55aa4c","version":"6e20ce90-e870-4bb7-b35d-84935a26a895"},{"clientId":"45ed898c-b563-4693-8c1f-c94d2347f0e6","version":"897edc5a-aafc-4f24-a6f3-655f1d0d1c50"},{"clientId":"45c11e92-f843-40d7-9816-571e88b9bf5e","version":"bfa0dd2c-5295-486b-869c-cb0538c6dba0"},{"clientId":"c0cda7d2-c8b5-4bc7-b2c5-b0c4d4f696ca","version":"1221ea4b-de11-447a-a7d0-3ad74f9eef8c"},{"clientId":"3baa2582-1ba3-4536-b7c2-93448b800c14","version":"337f00bf-0d51-4f0c-9aa4-db950d827cd3"},{"clientId":"81011f8d-20a6-4840-b31e-30e84f1dcf42","version":"da60ad74-761b-46b0-8d85-fac5e5a4791a"},{"version":"e542650d-c1d2-4ca9-9f12-2b1753bbca13","clientId":"ee9a158d-97e9-4e12-8a8b-277cab316b59"},{"clientId":"db1ffcfd-3733-48e8-9b4b-fa201d90cd38","version":"dddde84b-0c53-4b23-b709-c1bf071bc526"},{"clientId":"07277508-c468-4ae6-8a57-912f4f1588c0","version":"8ca5ec91-fc07-41e4-a8e2-e2ae7a5d9c79"},{"clientId":"8c932065-5026-4564-af52-9e68cc87f6f4","version":"f567e751-6aff-4c9a-92d2-48bd81099be3"},{"clientId":"1800ba74-70a3-4f0f-8040-0c7e47049eaa","version":"e4b6ab71-1a9e-4424-83cf-e69ce11e97e5"},{"clientId":"ff954a49-d46f-47ed-a901-ebd4ff9b42f5","version":"78a0677d-4886-4018-9ea8-e1a56178e577"},{"clientId":"d6094f7d-5bb7-4fc9-b5d5-7cf4bf02fcc7","version":"77646069-1e3a-46c9-baa0-7c9a8917a157"},{"clientId":"c4a16ea7-90ae-4762-bf60-2138d8d64052","version":"3e8eed26-7249-4ddd-9fa5-636f54636ca1"},{"clientId":"59aaf1c7-ba38-474c-a2a9-f859e89418bb","version":"b971bcd2-bdf6-4112-8815-0ac482072a1d"},{"clientId":"1d2805b2-f543-44cd-b99d-9fafbdb78204","version":"a470f081-7503-4aea-b6bf-f99772d3367c"},{"clientId":"a7ec403e-c591-463d-b079-49d55ca3a88c","version":"5712cdc4-ba9a-47fe-9825-0cafe91ec6f4"},{"clientId":"1bf04fe3-874a-42cb-85ca-ec102535a1ed","version":"e4996e98-887a-4053-8f05-ee3d863ea150"},{"clientId":"70dd484a-4f35-420c-aad0-bc033fa8245c","version":"b3f92578-8721-467f-9ef5-e8b0d3bc1e91"},{"clientId":"bcae6250-814a-491c-9fad-d9ae870bfe48","version":"1d77232d-aaa2-4287-b681-a03b02c9eca3"},{"clientId":"83f9e47c-a29c-479c-a451-7ad87f03a883","version":"8cede62d-d57f-4042-a005-b2cded3bf443"},{"clientId":"647cb7a9-cffb-462b-ad1b-e6e31e90489f","version":"4da2e70f-892a-40c8-8bad-84138e673e7c"},{"clientId":"332bf84a-5031-4f2a-9687-57a3160fa2c1","version":"ea3d27bd-6509-4121-b653-867c927496c8"},{"clientId":"360246ea-bef4-44ad-9202-b7b9d2f24fa6","version":"db9c8b65-d83b-45b8-bc40-d1eaf17ddc04"},{"clientId":"93d81859-e272-4a2c-8f8b-58f533daf13c","version":"4a9be5dc-33a7-44b9-8a0d-85b2256eb18e"},{"clientId":"7d921606-1f2a-465b-a0cf-7ad3f3ae716d","version":"cae1ecbb-e71c-4e5d-8b9a-ce459f8c19e3"},{"clientId":"b163f795-e6dd-4aa7-bf87-14d1bef0b5d5","version":"eef39d35-69fd-4138-bb1a-eb6127e35878"},{"clientId":"cd8424b0-fde9-4693-beed-ecf306a26f81","version":"96f7bbf1-de1b-4361-89a7-86769ca30350"},{"clientId":"dd240d2e-6395-446f-adef-e9f71c4f27dd","version":"390cace3-296b-46c0-aa32-7581003dc658"},{"clientId":"f8ad8d34-2a29-49cb-844c-acdf4cd50467","version":"158dd770-4223-4a64-b63d-6c8d47cda054"},{"clientId":"84fc4d1f-62b7-4807-a343-45272ae631d1","version":"7a17b8e2-9679-43b6-a1b2-54e138852db8"},{"clientId":"282990b7-a581-46da-bb4a-8ec12345bce5","version":"3e98b550-34f7-4a80-bdfc-70bef4f076b4"},{"clientId":"b57b2d3b-f1a2-4890-90a7-2437c0f5dac0","version":"6ed95e1f-452e-48f4-a994-e8995086dc8b"},{"clientId":"993c58e0-93a7-401f-8f26-bc46ca3839dd","version":"7eb551ae-8c7e-450f-847b-c5ef5a10f884"},{"clientId":"7862eaf8-326f-426f-a844-a9040f8c274c","version":"1943cef2-176b-4078-bb31-9fa75799637f"},{"clientId":"c24bfc75-deb4-4052-9c96-e44b60ea4f23","version":"0eaf4043-d9d7-47cd-81dc-2b9d9d6b83a4"},{"clientId":"da5a2673-b990-4d00-8c82-c3a0c036d90c","version":"2fff7690-c722-4ca5-96da-0fce67cefd49"},{"version":"b26fc220-af59-4219-a739-c9260c1d7774","clientId":"d1d1fdd1-c948-47bb-8f48-8b69ce277afd"},{"clientId":"20e7d638-342c-4aaa-b194-f49cf0909d00","version":"b10c813a-5755-4bbc-8e96-6c19d6f9c50e"},{"clientId":"2b1108ea-3856-419a-b024-86a24432ffb7","version":"16119d91-aa38-4b7b-93cc-b0bad779e326"},{"clientId":"a908c51b-5875-4902-a792-3730dcc2a3de","version":"f9c606ba-092f-47f5-a398-e59b748d1dab"},{"clientId":"2efc9c7a-a63a-4c67-b26d-98f23164e544","version":"796c348e-9772-4f68-ad09-20589824f9b4"},{"clientId":"226593b8-cb9e-4351-bda1-331567ef565a","version":"763100eb-53f1-470d-9aed-0c475165f31d"},{"clientId":"048fa662-a518-4d0e-b886-b3693b848938","version":"7bcbb1cb-f989-4803-9fba-004efd644a08"},{"clientId":"f17c6f66-8698-4614-b02e-01f5aea56fd6","version":"156ca81c-b4d5-49d6-854c-f582e59d9bab"},{"clientId":"d5026637-111d-4604-8107-91ec9549ac01",