{"options":{"summaryTimeUnit":"","noColor":false,"summaryTrendStats":["avg","min","med","max","p(90)","p(95)"]},"state":{"isStdOutTTY":false,"isStdErrTTY":false,"testRunDurationMs":31007.041004},"metrics":{"http_req_receiving":{"type":"trend","contains":"time","values":{"min":0.01037,"med":0.039654,"max":6.242113,"p(90)":0.06551540000000002,"p(95)":0.07556519999999999,"avg":0.043468666370589784}},"iterations":{"values":{"count":20163,"rate":650.2716591821487},"type":"counter","contains":"default"},"http_req_blocked":{"type":"trend","contains":"time","values":{"p(90)":0.0021746000000000022,"p(95)":0.002645,"avg":0.029957289859360685,"min":0.000612,"med":0.001293,"max":67.252537}},"checks":{"contains":"default","values":{"rate":1,"passes":20165,"fails":0},"type":"rate"},"http_req_duration{expected_response:true}":{"type":"trend","contains":"time","values":{"avg":148.14735268270476,"min":4.696682,"med":145.524778,"max":445.935103,"p(90)":165.1173746,"p(95)":174.18788379999998}},"iteration_duration":{"values":{"p(95)":174.44423279999998,"avg":149.0080093499136,"min":4.928177,"med":145.688441,"max":873.115738,"p(90)":165.2910332},"type":"trend","contains":"time"},"http_reqs":{"type":"counter","contains":"default","values":{"count":20265,"rate":653.5612346042873}},"vus":{"type":"gauge","contains":"default","values":{"value":14,"min":14,"max":100}},"data_sent":{"type":"counter","contains":"data","values":{"count":4434304,"rate":143009.5828695154}},"http_req_sending":{"values":{"p(95)":0.028793199999999998,"avg":0.013087472933629388,"min":0.004619,"med":0.008226,"max":12.312363,"p(90)":0.024877},"type":"trend","contains":"time"},"http_req_tls_handshaking":{"type":"trend","contains":"time","values":{"avg":0,"min":0,"med":0,"max":0,"p(90)":0,"p(95)":0}},"http_req_waiting":{"type":"trend","contains":"time","values":{"max":445.879646,"p(90)":165.06161840000001,"p(95)":174.1368894,"avg":148.09079654340033,"min":4.627873,"med":145.452139}},"data_received":{"type":"counter","contains":"data","values":{"rate":367981.7109452035,"count":11410024}},"http_req_duration":{"type":"trend","contains":"time","values":{"p(90)":165.1173746,"p(95)":174.18788379999998,"avg":148.14735268270476,"min":4.696682,"med":145.524778,"max":445.935103}},"vus_max":{"type":"gauge","contains":"default","values":{"max":100,"value":100,"min":100}},"http_req_connecting":{"type":"trend","contains":"time","values":{"max":67.229248,"p(90)":0,"p(95)":0,"avg":0.02806481396496422,"min":0,"med":0}},"http_req_failed":{"type":"rate","contains":"default","values":{"rate":0,"passes":0,"fails":20265}}},"setup_data":[{"clientId":"1781272d-d6e4-449f-a015-113b1617cab4","version":"e2bd726a-07d1-43b9-a8bb-3a9dce7ac023"},{"clientId":"81fade4c-3fca-4ef0-a4a2-3ebb42d096ef","version":"0088aaa8-5f1f-4164-9e27-5941700baca6"},{"clientId":"4064d6a6-f430-4b10-8b7b-4093d44a46ce","version":"c0d71711-bca3-4f6c-b9d1-72865a85dff6"},{"clientId":"a9834b5d-55ba-40e5-bca9-01f02e8da6d9","version":"8b3e6930-1464-438e-8b4f-f0b173df224b"},{"version":"31b836b3-2e5d-48aa-913e-2668bb363e6d","clientId":"cca681c3-96eb-4207-985d-584812838b34"},{"clientId":"9970dcee-421e-4b32-bd65-45f72a473ce4","version":"a3065997-f437-47e1-abd7-e437dce0b8f4"},{"clientId":"8ce0f004-056a-487f-87e6-06f67d56221b","version":"7616bd23-9fc9-4bb9-ab1b-7dba8a0d4fea"},{"clientId":"aa2adfbb-1d85-4faf-bc39-d866a1f123f7","version":"f5176df0-2c3a-4bb0-bbb1-50b160dbcf55"},{"clientId":"a22b0252-6281-4bfe-8932-614cf5efb430","version":"3f1a6805-0d54-4631-a003-f4d0fe3c4bed"},{"clientId":"5415ca70-a54b-42b6-87d1-2f40385afe7d","version":"4368449e-b427-4a0c-989b-4c064359e1a5"},{"clientId":"1089c1b9-2ac1-4c0f-b59b-118247bf8fd5","version":"c743d5c4-013e-4c29-bb62-d871d8f44de8"},{"clientId":"9e88118e-cb4f-45a1-8a3a-cb9701423328","version":"d515d1f7-5284-46d3-b3cc-3afe4bd8e272"},{"clientId":"10c5eab7-8698-4707-acd7-41031606a7e9","version":"ab3c578f-76e5-4b14-8ced-96f1df65601c"},{"clientId":"309cba48-c04d-463e-97bc-1256313f164f","version":"7f6d2ec7-005f-40f4-8b13-7082a1012cc6"},{"version":"5eef97c4-4af0-45e5-829c-4f695fc6f2c2","clientId":"9e35ea99-7011-4e42-aa77-f089cd5a2325"},{"clientId":"a83fad4e-c725-4fda-8f37-56982bd66aef","version":"c542e755-81ad-451e-b6a0-c061d3798882"},{"clientId":"3c6dfa4e-6b38-467a-80b1-bcf5bda701ee","version":"3d1a9302-eb6f-4247-8d39-86c1c2093ed6"},{"clientId":"45a2366a-e613-48bf-b16b-56a2cb0fdced","version":"d6cc7b26-4674-470c-badc-6d333cbb2c46"},{"clientId":"bff9f3ef-9905-41bd-bc47-5716a693705b","version":"2922b030-e2b0-44c9-9a61-c4b32f681d75"},{"version":"6237ce62-7f97-487b-b0b7-7b133d3becfb","clientId":"270e5d1a-c846-42a2-b81f-7b2fd0abd4e7"},{"clientId":"c998073f-d1ae-4ada-8a22-aa7fa11a6fbe","version":"0cd36617-fde0-4d37-b27b-1db9a6139193"},{"clientId":"e52fd18a-7869-4530-8233-3da32dfbc5c5","version":"d6487382-6c43-4716-bac3-d60ab5e10038"},{"version":"e72d908f-e373-40a0-87ad-2a01f3950742","clientId":"68954006-4b12-4002-9e88-72e0fdb56d4f"},{"clientId":"f8b2ee01-3f08-47ef-9199-8bd9b17f4acc","version":"1faad3b8-a818-4812-8aa1-bc3a8cec7814"},{"clientId":"697b4d93-c41c-475c-bd3b-9a5941ce0f65","version":"a37fbf1c-4b18-43e5-a321-b2f24faf8cc7"},{"clientId":"8aea5c53-886f-4aac-b419-478ab23e07f5","version":"4bec1cae-7a39-4d45-a42d-18229ff236aa"},{"clientId":"6ce31616-3cdf-445e-a611-3f31490f0abd","version":"e70d0ac6-239e-4482-ab37-45e027c0183c"},{"clientId":"cd911596-f15c-4b8f-a020-41408bce753f","version":"f8123d94-95ab-45d2-b9d7-42f89bf1231e"},{"clientId":"37d2ee68-1b52-405c-8871-5280efdf8b41","version":"f81340f6-7f44-4414-8b51-670d96ee0bcd"},{"clientId":"cb727098-19a9-4014-a0d1-264a9f841403","version":"1e6a42d3-109e-418f-80d7-0cc7e087be21"},{"clientId":"030d6916-ed7c-46fd-8265-556d5cdc43a7","version":"8f5efa87-7ec1-4bf3-9d4f-bd1ad3573b49"},{"clientId":"70a14a22-0e39-4ca3-9b86-ee50747a1117","version":"15108cb7-3605-471f-9b61-1c1f21fc3b28"},{"clientId":"8493807b-12e4-45b8-8e43-12b85b263bda","version":"7ba24a38-2160-44be-b282-a8790abcccf5"},{"clientId":"1ae07519-692e-4736-94fd-68b1a490df04","version":"990f25f8-90d3-4d3e-8012-639cc97e9bc7"},{"clientId":"970023a8-8a1a-4f8f-8f42-95b0eeb522e1","version":"37ded8b7-b4ce-4276-85c5-0533ad486006"},{"clientId":"58e025fd-5046-4c1b-8ed6-ccb7dc2345a1","version":"74acaa50-6568-4fd6-900f-361806e673cc"},{"version":"4323ff78-9c00-428c-a6a2-834db6f03e47","clientId":"ed404f76-5504-472a-862b-7d26e7e41cb4"},{"clientId":"1f0f7dec-900d-4133-94f2-f58bf7dc8863","version":"c1f99cdc-fe3e-4e8b-a300-bcf812fffe31"},{"clientId":"7fc64355-3c5b-491b-9d0c-eb96eadcf239","version":"79acfb67-5376-4f49-91dd-65049596e41c"},{"clientId":"97e117f9-85af-4d86-a75a-b76f7616ae86","version":"4b4cfaf8-205a-4d82-b2e7-03eb25fbcd25"},{"clientId":"e3da683b-ec32-411e-b1b4-c9673f836e90","version":"859c56d1-14dd-44b0-a778-d730362c6e7d"},{"clientId":"4ef5b0ef-e413-49e7-9b65-88ee0f5b7ae2","version":"a90c2f41-dbb8-4fa9-b027-10dcafceece7"},{"version":"fab8e3ce-a870-41f4-b820-3715d654ad76","clientId":"70569e4f-3632-45bd-ac25-ae6916b31f2e"},{"clientId":"983b6537-0148-480d-9598-d3f52185dd43","version":"ced319e1-2a2a-4b70-bf70-1e5781e3efbe"},{"clientId":"0bbc52fe-9b91-4a82-a31f-fccd8d48509c","version":"c2c76043-727a-41ab-bb96-dc81913f3eeb"},{"clientId":"df1be2fe-5c22-463c-a28c-4ef7ddd3d18a","version":"cadb152b-dd0f-47e6-8f78-42592c587e01"},{"clientId":"f0c996bd-aa05-4d27-8288-0e35017c6494","version":"ad576aa2-c9e7-4cf4-8014-1cb6b887a1fd"},{"version":"a77de045-da11-4aa6-b0a6-fcf0864f9ade","clientId":"53b2aa21-1168-48ba-ba8c-293e38368477"},{"clientId":"d2cc460e-3c6c-4987-9fcd-1b569d66e770","version":"e7ad2f72-595b-4708-b8af-028e1a11a3b8"},{"clientId":"8a3d867e-4a4f-4343-9e7a-03c9ad067ca7","version":"9ee547a0-3e6b-4356-9e9f-fe9f5aee8e4d"},{"clientId":"93173c01-8a32-4162-96ab-b7861ffff5a7","version":"46a48645-7548-44f2-b27d-a0f14aa1cf1f"},{"clientId":"f33a3e22-ef31-4582-a414-cda37541540d","version":"24ea88ee-ffb7-482c-a376-11ef8a316a4b"},{"clientId":"a9dab09a-0fab-4e27-957b-81291979f70c",