{"state":{"isStdOutTTY":false,"isStdErrTTY":false,"testRunDurationMs":62053.30196},"metrics":{"vus_max":{"type":"gauge","contains":"default","values":{"value":100,"min":100,"max":100}},"http_req_duration{expected_response:true}":{"type":"trend","contains":"time","values":{"med":822.2078415000001,"max":971.660315,"p(90)":868.7654142,"p(95)":879.7726938000001,"avg":805.1835728009075,"min":10.726773}},"http_req_waiting":{"type":"trend","contains":"time","values":{"max":971.405755,"p(90)":868.6966107,"p(95)":879.6885248,"avg":805.0602006288127,"min":10.628016,"med":822.1475835}},"http_req_failed":{"type":"rate","contains":"default","values":{"rate":0,"passes":0,"fails":7484}},"vus":{"contains":"default","values":{"value":16,"min":0,"max":100},"type":"gauge"},"checks":{"type":"rate","contains":"default","values":{"rate":1,"passes":7484,"fails":0}},"http_req_receiving":{"values":{"min":0.021921,"med":0.041583499999999995,"max":2.169803,"p(90)":0.054245999999999996,"p(95)":0.061376999999999966,"avg":0.04463754355959373},"type":"trend","contains":"time"},"iterations":{"type":"counter","contains":"default","values":{"count":7383,"rate":118.97835839193753}},"http_req_tls_handshaking":{"type":"trend","contains":"time","values":{"p(95)":0,"avg":0,"min":0,"med":0,"max":0,"p(90)":0}},"http_req_sending":{"type":"trend","contains":"time","values":{"min":0.008065,"med":0.022051,"max":54.579298,"p(90)":0.0267273,"p(95)":0.039043850000000005,"avg":0.0787346285408872}},"data_received":{"type":"counter","contains":"data","values":{"rate":24121.34330844882,"count":1496809}},"http_req_blocked":{"type":"trend","contains":"time","values":{"avg":0.6882927199358673,"min":0.001252,"med":0.0024395,"max":86.860254,"p(90)":0.003136,"p(95)":0.003875649999999995}},"data_sent":{"type":"counter","contains":"data","values":{"count":2999877,"rate":48343.551515336636}},"iteration_duration":{"type":"trend","contains":"time","values":{"p(90)":869.7640196,"p(95)":880.6758234,"avg":817.2967835719713,"min":12.577202,"med":823.48317,"max":1290.659932}},"http_reqs":{"type":"counter","contains":"default","values":{"count":7484,"rate":120.60599135923887}},"http_req_connecting":{"type":"trend","contains":"time","values":{"avg":0.6554844588455375,"min":0,"med":0,"max":86.795092,"p(90)":0,"p(95)":0}},"http_req_duration":{"type":"trend","contains":"time","values":{"avg":805.1835728009075,"min":10.726773,"med":822.2078415000001,"max":971.660315,"p(90)":868.7654142,"p(95)":879.7726938000001}}},"setup_data":[{"clientId":"50add3eb-c85d-4b21-b5cd-e150c894d6ef"},{"clientId":"69be96c3-31ae-40b2-b2fe-ba59c9ef56e7"},{"clientId":"081a17ef-7f34-41a7-8854-0e35fd7fcb22"},{"clientId":"43fe0444-4d95-4d5a-b58a-626e9dd6bfff"},{"clientId":"b96940d6-4fd1-4212-87ad-5c5b9a62c29a"},{"clientId":"c07ab6cb-daf1-4835-be34-0ce225b7f6f7"},{"clientId":"d89e50a8-d723-4174-933b-278ae3a4cb23"},{"clientId":"4ad1d51e-fe12-478f-8ade-5500290ac1a4"},{"clientId":"85fdba61-c112-4400-bb2a-4009702066c8"},{"clientId":"8b8beebe-d292-4c67-a7bf-de5ce4a87244"},{"clientId":"ccf9cc19-1bf1-418a-bde0-c51c0f6686eb"},{"clientId":"e3c409b4-8520-4d35-9129-3c3269d033fd"},{"clientId":"7b126d21-6e91-4fc5-b66a-660b447fe228"},{"clientId":"65c572e2-4835-4ec3-b695-243e8a42187e"},{"clientId":"d0904377-0d1f-4031-adb4-11b374978c06"},{"clientId":"2578d391-6e2b-4408-b212-754daf45a839"},{"clientId":"72871e16-f46c-4a1c-9f4a-f98d41108191"},{"clientId":"51716531-7c9e-4790-9a84-fe19fad47a7e"},{"clientId":"9ce95a5d-a95d-4d74-bec1-ea95fa2ad23c"},{"clientId":"ef60ad7d-4573-4797-aca4-1e9f8b5a6284"},{"clientId":"e24a5fa2-56bf-4d13-8b01-b8ef4ceb845d"},{"clientId":"277ba9f2-3866-4aef-b36c-bee262060bc3"},{"clientId":"3d11b328-446b-4c2e-810d-4df4739164c2"},{"clientId":"60e30a94-e683-4a59-a3c0-ac6a31da85bb"},{"clientId":"619a73a4-0fee-4614-b37a-d2cba3ec4aeb"},{"clientId":"c5cbdcd7-2509-4874-b607-cd7526961f03"},{"clientId":"e7c3bc90-bc4a-41da-97db-a0e36ba5b7f7"},{"clientId":"ed6d0442-0f9e-4f37-a760-8ba1d7ce6f92"},{"clientId":"2cfdd106-86ce-4e81-8360-6775c57f4ac7"},{"clientId":"5919aa5c-6768-4d3b-9a13-739e7270b695"},{"clientId":"53abef20-927d-4dcd-87e8-6e3c82e0c12d"},{"clientId":"8580de77-76ea-49a1-9c66-c4ebbbba1298"},{"clientId":"e1faaa2e-16c3-44fe-a674-65721ff2d1b5"},{"clientId":"7af9ebcc-b30e-48d3-a2e8-d445886ce87e"},{"clientId":"e06e42ae-acab-4fc6-b510-4d64cd692d2d"},{"clientId":"f89586b3-6163-47d9-9ef6-17dc144b45fc"},{"clientId":"8844e2e3-ec6e-49c9-923d-56c3e8d80540"},{"clientId":"6a9d9d81-f906-42de-99f6-43461685682b"},{"clientId":"73b754a9-5fb7-4b8f-ab37-ab1f6837855e"},{"clientId":"c68b85fa-4d98-44af-9776-f4e449304c0e"},{"clientId":"6baaa811-c849-4535-8cf2-a641a28c9a1c"},{"clientId":"20921fb1-b66f-45e1-a6f5-918ae172246a"},{"clientId":"3f49547c-df70-4b40-8346-1a01284a554e"},{"clientId":"4c8eb850-c6c9-4d16-bc07-503c451617b9"},{"clientId":"f4ac3100-685d-4aa7-b42a-2a041524d731"},{"clientId":"d54279da-c3a2-4fe4-9f0e-d15f91650fd8"},{"clientId":"17c5588e-5304-4530-9ab8-d4a5c59c7c1d"},{"clientId":"87745a8e-4949-4f6c-b538-853c5188eb83"},{"clientId":"a9fb8947-4058-4dc0-89b3-3b934b36f3e0"},{"clientId":"4134205a-f0c8-47fc-b4da-b3bc0f2694b0"},{"clientId":"b82e1f8f-2685-4328-9abf-b987a545383b"},{"clientId":"8f33e5f4-caab-4b3a-b471-040aa09d9665"},{"clientId":"b68d78be-cfb8-4898-9fd0-a786b34a9956"},{"clientId":"3ee0611b-ad95-4388-813a-dc61538e3f1d"},{"clientId":"0b98f067-2253-405d-98b3-7e7090620718"},{"clientId":"7081c522-c6ec-4ab8-865b-293b89ca4dc7"},{"clientId":"07a372f6-01d7-49b5-b79c-77638abb0414"},{"clientId":"33fa2402-c7de-455f-b77a-ed8d162fb50c"},{"clientId":"d305a337-8d81-49a7-b960-7820af316bb5"},{"clientId":"86691068-4e44-4a50-a506-7dccad195c82"},{"clientId":"723e5c05-1ad3-4999-8ef2-c386c5717d9f"},{"clientId":"7d54e6fb-2801-43bc-bf73-dc7d24e66f06"},{"clientId":"104d370e-746d-49b2-bcb6-a0d08fe60bc4"},{"clientId":"c399ee68-8bf3-4095-a9a6-c97ba5977683"},{"clientId":"f3bec589-189a-4ecd-b79d-6a41f56fd5a4"},{"clientId":"4bb6fb88-6c9a-4fea-a573-8f22e63885d3"},{"clientId":"75080f81-5f9a-451a-81fe-241a14f63770"},{"clientId":"7a02375c-8264-468e-9c04-543ec3a8a468"},{"clientId":"e1b64622-a128-44b5-a721-0b91e08edc18"},{"clientId":"87598467-ab54-4f74-a09b-161e31bdb4c9"},{"clientId":"61c135c9-da1a-44e2-b2ca-3eabbf8d187c"},{"clientId":"83348ee8-13c5-42bc-a1ed-4980d58b2d72"},{"clientId":"27023a94-63f4-45f8-b900-fb4c68374b1a"},{"clientId":"88c88e1a-6b2f-4dfd-9061-cf9d003ccfe1"},{"clientId":"7ec7beed-e0b7-47dc-b447-e39c555a2728"},{"clientId":"341201cd-2609-4b81-9f9c-662de80612c8"},{"clientId":"8689de29-66be-453a-a1e8-dba6c70ebf82"},{"clientId":"ef7a039b-854f-4052-9540-1dbc6bd8cd45"},{"clientId":"a04ba3cb-1eb7-4909-886a-590a770d3e38"},{"clientId":"e827ab52-ff25-4d07-b00d-12dbe2f7b6cc"},{"clientId":"5a2c0b88-5742-4853-9fac-2268a4b611b8"},{"clientId":"6e8903e9-2717-4d82-b8d4-51b904451edf"},{"clientId":"95ae2e9f-b9b9-4fd3-b27b-1b0c6f1362e4"},{"clientId":"fcdfe0ab-0b5e-4e31-8013-5c726c6030ea"},{"clientId":"c8109b7c-255b-482d-ba0f-dd335caefd98"},{"clientId":"900dc9b5-ce67-439c-80a0-c9dd6c5b2172"},{"clientId":"556dd9ef-909d-4f26-ab6d-a77d33d6d5cc"},{"clientId":"ef3cf7a9-789d-4b1c-bfe2-53e5bead8092"},{"clientId":"fd7e1c13-a49e-42f5-b667-128823b7fbe5"},{"clientId":"c8b24232-bef5-47fc-a7d1-60bfad3e7514"},{"clientId":"d9211247-4357-4b39-89ed-218bb667bb5e"},{"clientId":"f2c55770-d10b-4bca-bbac-798f6cb78caf"},{"clientId":"615800a8-2d96-4e34-8c7a-75c6ef45daa5"},{"clientId":"0116a5a2-a39b-4a7d-a36b-5308a6ebbd62"},{"clientId":"fb309b30-9b29-4a03-8c1c-ebe49450e17e"},{"clientId":"4c4f6468-7ee2-416e-b292-bf97032a451d"},{"clientId":"57c44018-a8db-40d3-92a8-e9008493c3bf"},{"clientId":"de122b51-fbe9-421e-b87a-d35b67109d7b"},{"clientId":"20a81e2e-2784-4671-b720-c956d8805b21"},{"clientId":"31ac9607-9a43-460a-a976-1c327ae92824"}],"root_group":{"name":"","path":"","id":"d41d8cd98f00b204e9800998ecf8427e","groups":[{"name":"setup","path":"::setup","id":"5c0f8025f7e0b6654089e5b00e950f1a","groups":[],"checks":[{"id":"6a0be71c20f269f0733a66d88d45f346","passes":100,"fails":0,"name":"status is 200",