{"state":{"isStdOutTTY":false,"isStdErrTTY":false,"testRunDurationMs":520635.482757},"metrics":{"checks":{"type":"rate","contains":"default","values":{"fails":1,"rate":0.9642857142857143,"passes":27}},"data_sent":{"values":{"count":43137,"rate":82.85451420170233},"type":"counter","contains":"data"},"vus":{"type":"gauge","contains":"default","values":{"value":0,"min":0,"max":100}},"data_received":{"contains":"data","values":{"count":1900568581,"rate":3650478.3940879926},"type":"counter"},"http_req_duration":{"type":"trend","contains":"time","values":{"min":415.280072,"med":1748.5950085,"max":55596.156178,"p(90)":32753.60807739998,"p(95)":48135.31325554999,"avg":10337.796716703124}},"http_req_failed":{"type":"rate","contains":"default","values":{"passes":1,"fails":127,"rate":0.0078125}},"vus_max":{"values":{"value":100,"min":100,"max":100},"type":"gauge","contains":"default"},"http_req_sending":{"type":"trend","contains":"time","values":{"med":0.040961,"max":1.404753,"p(90)":0.0644179,"p(95)":0.09866589999999989,"avg":0.06374607812499998,"min":0.009989}},"http_req_connecting":{"type":"trend","contains":"time","values":{"avg":0.37163176562499994,"min":0,"med":0,"max":2.753791,"p(90)":1.8987792,"p(95)":2.2399462999999993}},"http_reqs":{"type":"counter","contains":"default","values":{"count":128,"rate":0.24585339309219226}},"http_req_duration{expected_response:true}":{"type":"trend","contains":"time","values":{"min":415.280072,"med":1745.258497,"max":55596.156178,"p(90)":33476.28910720004,"p(95)":48176.66270289999,"avg":10357.65373874803}},"http_req_tls_handshaking":{"values":{"p(95)":0,"avg":0,"min":0,"med":0,"max":0,"p(90)":0},"type":"trend","contains":"time"},"iterations":{"type":"counter","contains":"default","values":{"count":27,"rate":0.05185970010538431}},"http_req_blocked":{"type":"trend","contains":"time","values":{"avg":0.6590054765625,"min":0.002184,"med":0.0035215000000000003,"max":5.877121,"p(90)":2.9823459999999997,"p(95)":4.67865405}},"http_req_waiting":{"type":"trend","contains":"time","values":{"med":1723.9851465,"max":55595.6647,"p(90)":32753.496046899978,"p(95)":48135.19213214999,"avg":10320.614913320314,"min":414.810617}},"http_req_receiving":{"type":"trend","contains":"time","values":{"avg":17.118057304687515,"min":0,"med":16.614026000000003,"max":84.007908,"p(90)":31.492893199999997,"p(95)":40.641945999999955}},"iteration_duration":{"type":"trend","contains":"time","values":{"min":7816.654883,"med":34204.312412,"max":400628.390858,"p(90)":55405.9182135,"p(95)":55533.099193149996,"avg":47783.63537935714}}},"setup_data":[{"clientId":"6e50d22e-d7a4-4786-a848-6cae2ce2bf5a","version":"087753c1-ca1a-473e-adc2-8410cd3e0b2d"},{"clientId":"9b54a373-551d-4169-a156-9563b132e760","version":"a378aaa9-926e-4cf2-a32f-eb53d6bc6d23"},{"clientId":"edd1e0ad-92e5-44ad-be4e-38ffea9ba9a0","version":"35b8774d-3fd0-444e-83a9-f516902bba04"},{"clientId":"ada427ab-f506-4e1d-9a75-5ed6d48ad9dc","version":"c102e5ef-bc3f-47fd-8213-7f4458f298bb"},{"clientId":"7f714d82-9e30-4fb0-b9d8-a776ec605de8","version":"cf0e6a3c-7a04-4afd-8f7c-621af3a5814c"},{"clientId":"ed4a7fcf-ad54-46dd-9d36-ee6877d4fdca","version":"e0f8ae18-4e6e-42d0-9875-2ac8844a63d2"},{"clientId":"15e24c60-0c9c-4479-9484-eaecc9368c3c","version":"678ab51a-86e0-47f7-bd72-dd7f3207fd19"},{"clientId":"137b05b5-b6b4-4aff-84c8-70df6dc3901a","version":"6db9f215-0f52-4f29-9f95-0e2ab1b0a250"},{"clientId":"de967c21-57de-4e58-9585-0eb52066c5b4","version":"e602c163-6cbb-4202-bc24-6514e6d3f6af"},{"version":"8194520d-239d-4496-a0a2-c43c622c9b11","clientId":"2dd4391d-8e21-4517-937b-f6aca2c8225c"},{"clientId":"9d0c3115-f953-4998-a113-281344fa39a6","version":"ade8b3ea-5523-4dae-b9a6-39bb78e5eb68"},{"clientId":"5ef29a8a-61b3-4c2b-9ad1-e6fe6ac623c0","version":"39b3725e-d862-4151-9524-bea125786cc4"},{"clientId":"de82f6d2-8bd6-4514-8a3b-b9c88f0a6723","version":"52a8fd4b-b83e-4786-8ae1-5632adf48171"},{"clientId":"273ed2de-9cf1-44e0-ac56-abf8de3d14e9","version":"6680af47-5c4f-4e61-84ea-8271e3889f49"},{"clientId":"d9ca5ee2-d4a1-469e-bdb2-bfe6ce68c518","version":"31442f40-5150-4ed9-a070-3b774e682f58"},{"clientId":"d6bb0fc7-f1fa-40a6-9726-d8a4a270a567","version":"3bbfd305-ea12-4e71-912c-f6614969df02"},{"version":"0c4a4aec-9cf1-474e-a737-0dd3800ceb2c","clientId":"d611d8b7-7040-44d5-8196-9e1c049fdf9a"},{"clientId":"db9da199-c0f8-45c0-9dc0-0ea0c55d8969","version":"9a0c281b-867b-4064-abab-927eb8aafb9f"},{"clientId":"c4ecd72d-fcbc-4d23-b534-cd8e830040c4","version":"eb8f2351-c5ee-4170-b4d2-b97c32186b90"},{"clientId":"61f9764d-8639-46e2-ab0c-9990cb7d3f5b","version":"cba123ad-22b3-4d14-ac84-4890a361f53c"},{"clientId":"e2cc85d1-f333-45b4-ab3b-fbe086bbcae7","version":"30bac0a6-357b-4450-a36e-2a260828de8b"},{"version":"8fb9c7ee-f884-4e97-a74d-01186a5ec8ec","clientId":"e3f45562-5227-4474-99d0-f0089cd4bb9d"},{"clientId":"5e252a4f-7582-4af4-9be7-f3616ca03802","version":"09b8c096-78a0-42e0-ae71-cb0eb21c4784"},{"clientId":"0f7a0544-7545-47b3-b716-6d790df8320e","version":"2c6ccfc8-2656-457f-ae81-1c7e5cd12349"},{"clientId":"7aa88e71-65ff-4a97-8870-cc8db654e38d","version":"56ee9261-e51c-4cb6-8cf2-5074f8204458"},{"version":"5803a3a8-61e8-42b3-9bd1-51cc893e602f","clientId":"4d64ea04-e74d-49e4-b17c-01ecc1d6c250"},{"version":"152f3bca-e97f-46c4-94b4-5778ed409977","clientId":"f5cdccbb-3378-4342-bade-bf254f351f3e"},{"clientId":"6deb8a51-5124-4417-a270-82f64a49394a","version":"ebcad7a3-261d-4c18-8597-8145d30ef3d4"},{"clientId":"37d03186-72ba-492b-a62b-8ad4aac51d46","version":"fe58556b-0d03-4faf-87b9-2ad0aa7a8a58"},{"version":"3849a2e3-e61c-47f8-b35c-7a76380181bb","clientId":"8bd71343-f8af-4e18-9771-8703ab019531"},{"clientId":"f114c59b-3f36-4427-8d2d-7dfe0abf9b87","version":"9c842d58-5960-4d33-8b11-45e747c3fb04"},{"clientId":"e7e137d4-5c20-464f-a92a-dab69d9d6318","version":"0c470580-e704-4bdb-a969-93db22f4bac1"},{"clientId":"6df74061-5bf6-47d8-b3c4-1b482adf2acc","version":"0ce71e7e-9469-46bb-b6b0-523c47632053"},{"version":"20ef3b33-f83e-49a3-a3af-30763e547fc9","clientId":"a2e93f83-9552-40ab-8f96-8efe907922e6"},{"clientId":"b4f903a4-d9ce-44bb-a65c-d6dd76e7f78f","version":"b68c5463-5641-4234-be3f-01b507f43343"},{"clientId":"5b7433bc-14a3-47dc-99ed-a7431ba596af","version":"ae4ce5e3-9c38-49ea-9eb8-b3651436ade3"},{"clientId":"c32645ca-203b-490c-b89f-5a249ece331d","version":"310695bc-48a2-43da-b17c-2e8ea8b1e192"},{"clientId":"12092115-1dfe-4625-91c9-7e6ed2abe92e","version":"ce374679-247b-475e-8602-7178e4d385e3"},{"clientId":"bc8f37ba-2822-4365-bc27-f253d41d41bb","version":"24012c7a-5850-4ff3-b79c-d3bac8bc3b1c"},{"clientId":"3169b7ce-94db-4d7a-902f-a24cf3fe7ffb","version":"02fac5ee-6a96-442c-8308-19b294a75149"},{"clientId":"b500e705-eea1-454f-a0a1-d60ffe3795e2","version":"381d20e8-e12d-4d41-ac6b-f159476e3532"},{"clientId":"6d65596d-c5ff-4ab4-b755-7009682e7a69","version":"19e13c23-f6d3-4c7a-9aea-af3f77671176"},{"clientId":"ce5095c6-924d-4edf-a4e4-87e9898769ef","version":"a2856d2c-e9bf-4fc7-b8e2-4ffce345899f"},{"clientId":"6a2fa7c8-468d-47ca-97e3-c02c6f0ab23c","version":"17b2bb34-72c2-4a51-a25a-f252cc5c1230"},{"clientId":"07562949-78d5-49ca-a4ae-df080b7f1e8a","version":"ccce2686-a843-403e-a8c8-4438286b20a3"},{"clientId":"79242b7c-df00-4268-b794-4516257a68bc","version":"f0f70eae-1bcd-43a6-9911-dc307c48b3c5"},{"clientId":"53c793b0-4dbd-40f4-b0cc-c2cc8f8dec6b","version":"7c43db31-28c6-4b77-919f-31ed7bccaf4e"},{"version":"fcd6e166-c111-46bc-8a44-d1d9c153be75","clientId":"66f11da7-082b-4eb7-86ce-8011ed7d7a10"},{"clientId":"0bee3e1c-62f8-4f5f-9088-817133aa2d83","version":"c6b8f7b7-6dc5-4cb8-8452-ee5c9c96bb7a"},{"clientId":"7928161c-1873-4a5e-b6eb-4a17c858de99","version":"4e518aea-0b2a-467e-97dc-5eb022568683"},{"clientId":"30151e17-6f17-4e37-a1bc-dcac6c981ee5","version":"3b432634-ed81-4e5d-9bed-a687ddf070b8"},{"clientId":"538069d4-8e55-495e-93fa-e5166fd42550","version":"c88264ac-c395-455c-b3d0-b30d545c02f6"},{"clientId":"10e9b35b-9922-47b4-b24a-e4fb07570b58","version":"06b6ae8c-13da-40f3-845d-599697620325"},{"clientId":"26062fe5-8c40-4e95-95e1-e9f14a897248",