{"state":{"isStdErrTTY":false,"testRunDurationMs":317990.830306,"isStdOutTTY":false},"metrics":{"http_req_waiting":{"type":"trend","contains":"time","values":{"p(95)":45269.797133,"avg":23236.317297365436,"min":130.947711,"med":22901.034657,"max":47013.648204,"p(90)":44933.048664}},"checks":{"values":{"rate":1,"passes":201,"fails":0},"type":"rate","contains":"default"},"http_req_sending":{"type":"trend","contains":"time","values":{"avg":0.6425091993355477,"min":0.014618,"med":0.039545,"max":7.21252,"p(90)":2.095954,"p(95)":3.003692}},"http_req_tls_handshaking":{"type":"trend","contains":"time","values":{"p(95)":0,"avg":0,"min":0,"med":0,"max":0,"p(90)":0}},"http_req_connecting":{"type":"trend","contains":"time","values":{"p(95)":41.493274,"avg":8.565246242524918,"min":0,"med":0,"max":49.053669,"p(90)":36.97422}},"http_req_receiving":{"type":"trend","contains":"time","values":{"avg":16.39049454485049,"min":0.09016,"med":0.376288,"max":227.688955,"p(90)":56.730358,"p(95)":78.697261}},"data_sent":{"type":"counter","contains":"data","values":{"count":70753,"rate":222.5001265977228}},"vus":{"type":"gauge","contains":"default","values":{"value":0,"min":0,"max":100}},"http_reqs":{"values":{"count":301,"rate":0.9465681752846462},"type":"counter","contains":"default"},"http_req_failed":{"type":"rate","contains":"default","values":{"rate":0,"passes":0,"fails":301}},"vus_max":{"type":"gauge","contains":"default","values":{"value":100,"min":100,"max":100}},"http_req_blocked":{"type":"trend","contains":"time","values":{"avg":8.829711657807307,"min":0.001883,"med":0.004879,"max":49.153386,"p(90)":37.580151,"p(95)":41.963368}},"iteration_duration":{"type":"trend","contains":"time","values":{"min":1231.705291,"med":42978.132035,"max":216147.566891,"p(90)":45099.08997,"p(95)":45618.593274,"avg":34950.50300585571}},"http_req_duration{expected_response:true}":{"contains":"time","values":{"p(90)":44933.520061,"p(95)":45270.118748,"avg":23253.35030110962,"min":131.070772,"med":22902.450341,"max":47013.976592},"type":"trend"},"iterations":{"type":"counter","contains":"default","values":{"count":199,"rate":0.6258042089091183}},"data_received":{"type":"counter","contains":"data","values":{"count":1903954746,"rate":5987451.726730106}},"http_req_duration":{"contains":"time","values":{"max":47013.976592,"p(90)":44933.520061,"p(95)":45270.118748,"avg":23253.35030110962,"min":131.070772,"med":22902.450341},"type":"trend"}},"setup_data":[{"clientId":"92cd2953-ce1c-426f-bad8-050d6502a6bb","version":"65504a38-6e75-482b-87f4-5588ff68cb56"},{"clientId":"78e646a8-c30a-4bc4-9a69-2d1b3d491fdf","version":"06f8bfe9-be95-47b9-88e0-481b2cbb1ebb"},{"clientId":"051dcb21-deb1-4888-bce4-16adf811a5da","version":"12953b68-0699-4dc6-831b-2914a38daad6"},{"clientId":"7a669428-09db-4912-b7d8-b906c15aece0","version":"1eaa4def-95e1-4930-b7fc-b32567326f66"},{"clientId":"d5ad90e2-9015-40ef-aa97-6ab9b073f576","version":"51a2265a-b688-4cae-803d-c39cd75b2c38"},{"clientId":"de06df8a-6620-43d8-82a1-f169330de314","version":"bf154fd2-ec17-4d9d-9820-930433dc44af"},{"clientId":"fd463f83-1a52-4833-bf25-b4fd1a7fed17","version":"958a4bfa-b7f4-4f3c-8c01-88b6e3ede3a6"},{"clientId":"efa185e7-e05c-4b20-b719-90dd9965843c","version":"189ae772-804d-45c4-b2a4-a23b93f3023e"},{"clientId":"792c9c04-14da-4a4c-9510-99245cf9c9a4","version":"2597a3ce-5429-49e4-8658-69ceba04332a"},{"clientId":"605bdb11-6193-4e65-90d6-262ca79af172","version":"f391b741-e10a-4526-89bf-caaedf78f89c"},{"clientId":"a3607007-a224-4c6a-927b-877ad5bf4586","version":"30bb2591-8731-44e2-846d-0574357439be"},{"clientId":"ef09cfdc-f3a8-41da-a51b-0c013150cd7c","version":"6e576668-1021-45ac-b6b3-4c40f7d6acf5"},{"version":"d32323ef-9b45-4bff-8da5-0758e7ce88b2","clientId":"defc0555-b42d-43ff-8f37-0929225465b2"},{"clientId":"0422e1e0-8d4e-4650-9365-4523299fcdcd","version":"658e99d9-e045-493f-b8b5-4fc4dfa37166"},{"version":"e6090765-b64a-40f2-800b-7b9315d7b5d9","clientId":"6e20b402-d2cd-47f4-a00b-48150cbc1623"},{"version":"4325508c-8252-4414-909e-bbfb90964332","clientId":"5cb25e9f-c545-4b9d-bfbd-56e71cec45ab"},{"clientId":"82735f3f-ad3a-4f26-9478-4321480f3c9f","version":"915482f1-7102-46e3-9002-c084621e89c7"},{"clientId":"7ecb27c0-b2b9-4eab-b279-928311fd324d","version":"57d2eca5-1ecb-4c29-be44-63847c369b2b"},{"clientId":"4ef8f1bd-778e-406d-bb23-29a3dca51c74","version":"617367f7-448b-4b4f-a906-cbe331b162ab"},{"clientId":"c78c461c-deb5-4d15-b21c-f2914dc64460","version":"065f17f5-aa0b-4f07-ae29-08539dcbe364"},{"clientId":"3faa866b-99cb-41ae-a51a-e947a891f0bb","version":"5993ca62-f6e6-4a64-b37f-432371390e7b"},{"clientId":"bc768bfd-2f66-4e68-bf80-574f02b99f2e","version":"92b1b52c-ed4c-4957-a684-3e5b51c2b859"},{"clientId":"85ca3cca-2d60-4ace-aec9-a01baab5e99b","version":"6b6eb3e7-df39-4dc4-8407-a435123daea5"},{"clientId":"8eebf8cf-6391-4de3-850c-f3b3db12f1f4","version":"3cfbfc02-02e2-42af-99d8-7d4ffbe69d5b"},{"clientId":"bce91ee0-b2b5-45e9-9008-379a7604a87e","version":"500e02c4-8fab-4d7d-aa46-41370ec6fe7d"},{"clientId":"05e7b3d9-4276-423e-9314-86fb69f490de","version":"318e79de-f847-44bd-b422-c4df44efe1eb"},{"clientId":"ffefb715-f934-4e71-8a9f-e5799f37e493","version":"c441d78b-c408-42b9-868d-44d2ad67d473"},{"clientId":"e5f49803-6978-454a-96b4-375e069e0ae8","version":"41e683dc-1c5e-4417-b8a7-717648530408"},{"clientId":"b9a2f75a-4599-4fa1-b70f-6b075260194f","version":"beaf4c6a-6e2a-4478-8b3d-f7172f0e8d39"},{"clientId":"ea5c80dd-0198-4c97-a644-1b7149cea40c","version":"a16ac29b-eaa8-4b92-bb57-789f56ade4e7"},{"version":"94fc3d15-483a-49fe-be65-815d6e4dc895","clientId":"b8016b17-8362-4f9d-8217-bdd67b8387f0"},{"clientId":"f44751f4-ab03-4898-9c49-e00c536ad8e8","version":"cc33abf0-8fd3-4638-8bfa-62bcc33c9759"},{"clientId":"e1aa0561-bf98-41bb-9406-e8c6e0a0c6a6","version":"abe0f3f1-ddf2-4a14-9f0c-5a25e109de2e"},{"version":"c5b9412c-09b3-45df-be6e-b7622c62719f","clientId":"f7c4e6e4-9f87-4a58-a6f4-eaea631bd05b"},{"clientId":"65e2e5b2-5a05-493c-8c99-a736957bb00f","version":"cc049684-e17f-4af6-b7e8-d9cf6aaa5796"},{"clientId":"fde60bc5-3ee2-4679-b390-0c6d6b1c57a6","version":"8c65f623-7a01-4ada-bcb6-eee6fc0b376e"},{"clientId":"c3625dbd-cbb6-4db3-91d2-e8bcd8e0ffe9","version":"7ac6206c-78f5-4f3a-a2ba-2f4a2b64a23d"},{"version":"917c77a2-94a1-49f9-b009-9003cb53d6d0","clientId":"cf453092-af09-4f47-bb66-54d98a46b2ec"},{"clientId":"a8bfefcb-377d-47cf-88d2-2052472e8359","version":"4ae9dd24-aad3-4c40-bd1e-dfaf8eedee6a"},{"clientId":"11120430-bc2b-4b25-b278-422d3d141b91","version":"be9394b3-854b-4096-9c39-7e3e64b5d7e4"},{"clientId":"c82fe989-f9ad-4a7c-802e-275b43231882","version":"94c5a5b2-313c-4bbd-8383-6515ecdc4914"},{"version":"949b0f28-9c8e-44aa-a479-d3ac7bce4002","clientId":"cb64c457-3d0c-4b6e-819f-320a9978e9ea"},{"clientId":"b5f9b333-f1ce-422e-b218-fb90f738b032","version":"61b3200c-790d-4457-9774-2fe76392e3dd"},{"clientId":"11fc489c-96a8-449f-8c30-57d5f190560e","version":"b5de7231-459e-449a-a66e-685833ffaa00"},{"clientId":"d4404d56-ab1e-4f66-b0d4-fe985c612f44","version":"6504b013-52d3-488a-91c5-020093d03b7f"},{"version":"cfac72d2-ed2d-4a6f-b86d-3378e43b66e2","clientId":"87142c02-81a9-4c0b-8d86-3b91fe084ba2"},{"clientId":"62e35990-972b-4b98-9113-db319bcbc04e","version":"6e19a830-2752-4612-8804-df61019e7ce5"},{"version":"3ce4c77a-1e5b-4479-b146-1756b6e2079c","clientId":"d96b0689-5f63-43a9-b044-379a5a0f2306"},{"clientId":"d4133073-e414-48a5-ac86-ddbba91e703b","version":"1dae9a04-8740-487c-b9d5-d42da9e24504"},{"clientId":"3ebd40cc-b264-419d-a511-2118d384a197","version":"184c4281-a4ce-4b73-a829-7958b4a819e6"},{"clientId":"e3bd84bf-edbd-4e22-853d-615f4c009fd5","version":"5f15c667-da4b-4928-a586-312969e2c6dd"},{"clientId":"e70967ac-8ce7-4a78-907a-d7446fae3c5c","version":"332fcc68-69c2-4bea-a830-0a522d667933"},{"clientId":"37bd807b-43c9-481e-8556-c849e24bc924","version":"5fa418c9-fb9b-4a67-aead-0a1f6f3016ad"},{"clientId":"34600c36-d036-4500-b892-cb715ff3b090","version":"ca05b363-35b6-46ba-9541-ed5f03b0907f"},{"clientId":"c6fb0e7a-fe2a-4baa-a6be-e3b4b9f93959",