{"metrics":{"http_reqs":{"type":"counter","contains":"default","values":{"count":123,"rate":0.2301999588809523}},"data_received":{"values":{"count":1900105529,"rate":3556131.8263843097},"type":"counter","contains":"data"},"http_req_sending":{"type":"trend","contains":"time","values":{"med":0.040868,"max":1.077172,"p(90)":0.06098379999999999,"p(95)":0.0813558,"avg":0.05099030894308944,"min":0.008907}},"vus_max":{"type":"gauge","contains":"default","values":{"value":100,"min":100,"max":100}},"http_req_duration{expected_response:true}":{"type":"trend","contains":"time","values":{"min":50.120311,"med":1813.127472,"max":54962.582003,"p(90)":26494.958029,"p(95)":44675.438624,"avg":8915.712152809916}},"http_req_blocked":{"type":"trend","contains":"time","values":{"avg":0.25595556097560973,"min":0.001563,"med":0.003617,"max":3.490978,"p(90)":1.1184709999999998,"p(95)":2.0415587}},"checks":{"type":"rate","contains":"default","values":{"rate":0.9130434782608695,"passes":21,"fails":2}},"http_req_duration":{"values":{"p(90)":26494.8987578,"p(95)":43886.84936739993,"avg":8890.628670804876,"min":50.120311,"med":1820.147055,"max":54962.582003},"type":"trend","contains":"time"},"http_req_connecting":{"type":"trend","contains":"time","values":{"med":0,"max":0.903671,"p(90)":0.07479119999999997,"p(95)":0.8462458999999999,"avg":0.0643141707317073,"min":0}},"iteration_duration":{"type":"trend","contains":"time","values":{"p(95)":54762.9227824,"avg":48201.942953,"min":7375.146673,"med":34041.297636,"max":414306.628941,"p(90)":51314.54822640001}},"http_req_waiting":{"type":"trend","contains":"time","values":{"avg":8814.07794804065,"min":49.70707,"med":1795.061835,"max":54962.455207,"p(90)":26494.7218062,"p(95)":43886.70663729993}},"http_req_tls_handshaking":{"type":"trend","contains":"time","values":{"max":0,"p(90)":0,"p(95)":0,"avg":0,"min":0,"med":0}},"data_sent":{"type":"counter","contains":"data","values":{"count":42917,"rate":80.3210702056409}},"iterations":{"values":{"count":22,"rate":0.04117397638521098},"type":"counter","contains":"default"},"vus":{"type":"gauge","contains":"default","values":{"max":100,"value":0,"min":0}},"http_req_receiving":{"type":"trend","contains":"time","values":{"avg":76.49973245528453,"min":0,"med":16.151796,"max":7462.295875,"p(90)":33.3163084,"p(95)":40.6000734}},"http_req_failed":{"type":"rate","contains":"default","values":{"rate":0.016260162601626018,"passes":2,"fails":121}}},"setup_data":[{"clientId":"5a6959e5-aa06-4ada-a17d-03894ec0fa9b","version":"4f4ed5ee-33cf-4495-9dc8-aac01b2cef7d"},{"version":"c350b146-cbce-410b-90e7-06da137ef1b1","clientId":"eba56d37-e2e8-4716-b957-13acc6de1a9c"},{"clientId":"ec6d2e80-a36c-4783-9da6-ba03ac246339","version":"3966b23d-14c8-4674-ba69-fe84b604d986"},{"clientId":"41d61d58-ff31-4063-b29c-aef7ad0a46f3","version":"3a949348-48ec-41d0-9ff7-734bb82a7478"},{"clientId":"25232a2f-9b48-4962-95bf-4ecc5dc76dd1","version":"57a1b979-fbee-43fb-9e23-a07d08f24a94"},{"version":"10237923-9a29-4c3b-b8aa-8179878a6529","clientId":"374f4bf2-c076-462e-a19c-2577e13159be"},{"version":"245e4458-7154-46f4-8b8d-c45538f1df3b","clientId":"404507c6-3de6-4a29-a7dc-2fc3ad3aab46"},{"clientId":"b3c787d7-9b5c-4e5f-9710-edf8a6f3c3ab","version":"88ef475a-7371-4c82-8f17-631e32a25dfd"},{"clientId":"40ae0615-f1eb-4ed0-bc20-0a2ec3b91ac9","version":"3857a997-f051-4a94-b10b-797d1c2f78b6"},{"clientId":"737ac383-7e06-4f7b-aea5-514a2a0c5d88","version":"d08da468-fa70-4cc7-970b-ef742be8a176"},{"clientId":"38068218-e001-424f-a169-351cf715679d","version":"22df7438-77c4-4b93-a00b-2fa8674132bc"},{"clientId":"27b68c5c-bcaf-40dc-b8f8-50b9bfe7f08d","version":"aa2fb301-6907-42ba-a387-238a832b6c20"},{"clientId":"ca006999-d26b-4e93-8bb4-50f1e9ffb04e","version":"6046d3f6-caaf-4f1e-a172-2bfc7e17ae50"},{"clientId":"f12ed295-8ee6-4f1c-af16-d3cd02d4aed2","version":"91e71348-2bd6-4ff3-be5c-d1908c2e52e7"},{"clientId":"15c686cf-30ac-4a54-8a02-2207fbaaa765","version":"3c57a1d0-10ca-47c7-b548-8cee5d189add"},{"clientId":"20f8f1ee-1c3a-451a-9a39-48f5572bff89","version":"452aa5db-b41c-4567-9583-89afe3175135"},{"clientId":"f1967641-d189-4473-b2de-0fe4656e41dd","version":"f8521c7a-e268-4fbd-be0e-9a4031bd67f8"},{"clientId":"1afde2e8-2b03-49f8-98f0-0dec33c848f7","version":"2ebd1d0a-77c0-45ab-b5ea-d3c4f9c0e67f"},{"clientId":"1bf5f572-79bc-4449-a16e-40503f551fe3","version":"6b2d33e3-6f02-44b8-b9d1-b757d09d5cc4"},{"clientId":"3ff5c947-c882-464b-bcf8-2eec8ef6f14f","version":"7d8defdb-03cc-4bb1-8d46-3e5e7ee7a2b4"},{"clientId":"e710a344-c1f8-4500-9795-5e487beeaab5","version":"7929ab31-afff-4da6-b818-6a1547b79c86"},{"clientId":"afb1366a-c34c-4d70-89f3-1bb397a0b622","version":"b8a4ba8c-48c7-4fce-9272-942186fb2537"},{"clientId":"79ea9211-e0fb-43fd-b178-08313638596f","version":"39a3a152-6a56-4acf-960e-ac9b138907df"},{"clientId":"33ce67cb-99a0-4314-8e5a-87ab0005484f","version":"3b195704-7d15-45c1-9c4f-9add64758ed7"},{"clientId":"5ab617fb-5d5b-4bcc-bd84-a5531473b72b","version":"8c5e3bde-e0e4-4048-a65e-9715b85956bc"},{"clientId":"c2dd957d-f337-4a40-85f5-6d0ebab146e7","version":"2ec7ec19-5cba-4260-be2d-4ed080aea4bb"},{"clientId":"ab57a8a3-4997-47f1-9dd9-3a74075f46de","version":"7ee3e209-183b-4145-bf1b-c545af4df885"},{"clientId":"157801d7-983b-4b44-abb6-e630dd84c753","version":"a2071cbe-ef39-48f7-a2d3-d0c72f458759"},{"clientId":"98381163-375f-4de8-a504-4d418ac33e10","version":"e1dc0b24-7564-428f-a752-59b93711fee0"},{"clientId":"40c701b0-9e19-4f2d-911f-6821c4cbdc5b","version":"bd8112d2-e553-45cf-9d8c-b14651147df9"},{"clientId":"84b22702-527f-415e-822a-415674bdde6e","version":"f3fd1a80-da6c-4dd3-b2d2-f9831685d877"},{"clientId":"99297287-a20e-4245-986e-bf84c972e381","version":"19b14ebf-8223-4bf5-8437-8f38bcd4c085"},{"clientId":"2ff1bbcf-8ae2-4fcb-9b61-b9067e62a073","version":"a009262e-5e5f-49bf-865a-379ac2430946"},{"version":"b9e4422f-4346-4608-9bd5-3e4dfb3496ae","clientId":"a1faac99-7c75-46b4-987d-5b22acf16d02"},{"version":"66541073-e18e-4ae1-95a4-91a6ecd455b8","clientId":"778aa31c-85dc-483f-9585-4e9ddc3e33d9"},{"clientId":"6fff8143-37ce-4b74-9995-ca5b23d4597a","version":"97626b6b-15ee-4c3f-81ab-31933d2e8099"},{"clientId":"4fc4c4b2-42f5-4b09-bdda-94c332c28105","version":"51ef2417-eb0b-4100-83b2-40494288ab8b"},{"clientId":"5a8dcf0c-fe40-47ae-9c13-5cb574355994","version":"ad4892a3-512f-4212-9e98-db928906fe88"},{"clientId":"3974ac0c-d7dd-4d2a-a133-5957d533c748","version":"39776329-87b6-45f8-8cc4-4aeb45bbd3a9"},{"clientId":"447fe043-e57f-4c15-8559-6d003a00d5e0","version":"4f88052e-b6ed-4516-8a9d-3ecdac4b613e"},{"version":"067b93e9-1c37-4ecd-8ba6-4e1e901e2b35","clientId":"455196fb-4af3-4e0e-b2de-911435536078"},{"clientId":"ad2df1e0-aee2-48ad-91cd-d65283517797","version":"39d64217-65ef-4950-9316-f7dbb62a48ed"},{"clientId":"78c3ef61-20eb-4fa6-969d-ef5f5f0c713d","version":"992ddac1-bde5-4cf5-9b0a-12eec843b195"},{"clientId":"0b5c7c33-9d36-42c3-ae72-7945687463de","version":"65e00ae6-381b-44b5-a7b8-5c88748584c8"},{"clientId":"2588bd2b-6c1b-4c80-95ad-1812fd3ea2f8","version":"2c573cf1-a207-48d5-a999-65a1a1b15fd8"},{"clientId":"61fd5721-2660-4383-b0ce-33b1bd10903e","version":"dcd57267-66d1-455a-97d5-524741be8b17"},{"clientId":"fe0a1e34-37a8-4fc2-9fc9-b8f38170e193","version":"b3ce12a5-cc70-4134-a1e6-978bd0cd0c50"},{"clientId":"24cc0411-00af-41fc-9050-2d629aa0aa72","version":"363d67f9-cab1-45c8-b3fe-2f812ce2d5d5"},{"clientId":"0133a3fc-04b7-43e8-9cef-ccc479078964","version":"7060cfd8-35cc-46ab-89c4-77f0b6f5e553"},{"clientId":"b02bfdf4-9a82-4b04-a8b9-63e9d12a3411","version":"684551ab-7906-482a-8d71-445867b0aa31"},{"clientId":"40f01c12-e3be-49ca-a8f3-fd98e5c66f76","version":"0bc7bd67-1787-4608-8a5f-58f577f78220"},{"version":"8ca40d9d-7610-4118-ab95-af40ac61a435","clientId":"e9fc2fd6-34b4-46b9-82e6-e2ad61b055e6"},{"clientId":"67ca11fa-e458-4394-ba2f-d40ad9229db7","version":"36499b2d-bf6c-4058-852d-9c5d9a33532e"},{"clientId":"43b228db-f3bd-466e-93fe-019f787a7421","version":"ab51f4e7-70fe-49b7-b3a6-72bf81aa7972"},{"clientId":"7e3fea1e-425a-497a-b64c-9fd805c3f9b7",