{"metrics":{"data_received":{"type":"counter","contains":"data","values":{"rate":6018966.847738917,"count":1900172318}},"vus_max":{"type":"gauge","contains":"default","values":{"value":100,"min":100,"max":100}},"http_reqs":{"type":"counter","contains":"default","values":{"rate":0.9566121823784789,"count":302}},"http_req_receiving":{"type":"trend","contains":"time","values":{"p(90)":62.95377580000002,"p(95)":81.91529309999999,"avg":18.292628218543033,"min":0.035396,"med":0.1030395,"max":157.697139}},"checks":{"type":"rate","contains":"default","values":{"rate":1,"passes":202,"fails":0}},"vus":{"values":{"max":100,"value":0,"min":0},"type":"gauge","contains":"default"},"http_req_duration":{"values":{"med":23350.974164,"max":45615.879027,"p(90)":43971.5969951,"p(95)":44488.382301,"avg":23092.325037811268,"min":4.63047},"type":"trend","contains":"time"},"data_sent":{"contains":"data","values":{"count":70974,"rate":224.81653321897406},"type":"counter"},"http_req_waiting":{"type":"trend","contains":"time","values":{"avg":23073.768393423827,"min":4.526194,"med":23350.712405500002,"max":45615.745377,"p(90)":43971.527325200004,"p(95)":44488.268715399994}},"http_req_sending":{"type":"trend","contains":"time","values":{"med":0.04011,"max":10.676048,"p(90)":0.8326364000000004,"p(95)":0.9286422999999999,"avg":0.2640161688741724,"min":0.015939}},"http_req_blocked":{"type":"trend","contains":"time","values":{"avg":4.499717129139073,"min":0.001843,"med":0.00478,"max":25.71532,"p(90)":19.10391170000002,"p(95)":23.197056}},"iteration_duration":{"type":"trend","contains":"time","values":{"max":215135.114313,"p(90)":44331.0513421,"p(95)":44610.292635399994,"avg":34646.21399684652,"min":2688.319787,"med":42307.140564500005}},"http_req_duration{expected_response:true}":{"values":{"med":23350.974164,"max":45615.879027,"p(90)":43971.5969951,"p(95)":44488.382301,"avg":23092.325037811268,"min":4.63047},"type":"trend","contains":"time"},"http_req_tls_handshaking":{"type":"trend","contains":"time","values":{"avg":0,"min":0,"med":0,"max":0,"p(90)":0,"p(95)":0}},"http_req_failed":{"type":"rate","contains":"default","values":{"rate":0,"passes":0,"fails":302}},"http_req_connecting":{"type":"trend","contains":"time","values":{"avg":4.431932758278144,"min":0,"med":0,"max":25.683751,"p(90)":19.068509100000018,"p(95)":23.161788799999997}},"iterations":{"type":"counter","contains":"default","values":{"count":200,"rate":0.6335180015751516}}},"setup_data":[{"version":"6b056b3d-b578-4444-a44b-43622759161e","clientId":"c7e8253b-aedd-4681-b669-2d2937593210"},{"clientId":"518186e9-5129-4812-af2f-8555678eb5e6","version":"d31ddeed-3206-4ca7-9c51-b4ab4e0f74bd"},{"clientId":"f2bae366-ea04-4a19-8901-d3a756e47d69","version":"aef1b8ba-f2e0-499f-994f-9ef9121e58d0"},{"clientId":"8e0219bb-0383-4215-8ab6-68f77abedd7e","version":"b57483b6-d717-4a2e-a3be-994efe88761f"},{"clientId":"eca4b7da-edf8-4a1e-a7f4-9b3958b6ecf3","version":"72d25987-a7e5-4809-b23d-016d2be9c1ad"},{"clientId":"a214e88f-fca2-4ea7-9f9c-5c4652f51116","version":"a4537945-f392-4504-9035-7eb6d69eff89"},{"clientId":"4a80ea62-0957-4aa5-a0fa-bab47ddcb13c","version":"2313a3e7-01a2-4fff-b98e-63652d505fcb"},{"version":"efbca9f0-c855-416a-949a-f79400339f23","clientId":"c8d8b2da-ff2a-4456-8479-9cd5cf2fba18"},{"clientId":"ea1b07fc-3c71-46fe-ac83-855ce881f78d","version":"976c28db-e8b5-4d2d-a139-024260dbbbbd"},{"clientId":"0c5d0580-a3cf-413b-9274-d25749639218","version":"1c3ad948-aee8-4f97-870d-b2efe0e01587"},{"clientId":"1685dc20-25f3-4422-bb0b-e0f881003afc","version":"8a85b955-9fc0-44ae-841e-64ae9dc0c947"},{"version":"673df7a4-698e-4591-b64e-964e0627ddc4","clientId":"be079d06-3066-4255-993e-e45b1df49ca8"},{"clientId":"0949fb94-7c87-434f-aa4d-e9439d65ade6","version":"25963ff3-4ce9-474d-90d4-e13bfb0cbac4"},{"clientId":"989aa4cb-ebbe-4a94-9df5-c0bdba019e2c","version":"15f656f1-6904-49c1-87a8-16537d6a479d"},{"clientId":"23a8f439-c976-45f0-8519-357b8b91c43c","version":"0f3fb9e6-8f72-4995-b3b4-5a79f5ea152c"},{"clientId":"5d09d8fa-3e4c-409c-aeb9-1e48274ef651","version":"d0712a71-6f10-4d6f-b29c-6c4233309113"},{"clientId":"d11f96e2-3f23-4b6a-a5cc-40da8501f393","version":"bf10b60c-f86e-4d2d-836a-bc8dfe24f536"},{"version":"5cc6b68b-3f49-424f-968a-97e870392506","clientId":"01d4196f-2c57-442a-8aff-930abdae3abb"},{"clientId":"81508462-62e8-4e9b-8ca9-fb8d733c6a81","version":"ddce3fba-ea30-4d58-81c1-0f91709cea51"},{"clientId":"2fb4c4a7-b96e-4fda-b12f-a2f8b81cfb23","version":"9afaba5f-ecba-480e-8586-484516305b52"},{"clientId":"d289e7a5-c5f2-4c67-a12f-d475ddc3812b","version":"12159d79-de8f-40c3-ae65-c2e0709551af"},{"clientId":"22b4bbd1-05c9-4013-b936-4b77f248b75d","version":"7250b5ea-e345-441a-b442-4563d1017dbc"},{"clientId":"0c94d5ee-f4cd-4aad-b107-76ed0af55a77","version":"63307dd6-2a87-4b61-8aad-7d25441fe8a6"},{"clientId":"8d6df58a-1015-4219-9555-38a68f616980","version":"4ac6aa39-e98f-4636-8932-55f04c667583"},{"clientId":"45560edd-c997-463e-a087-830f4e56a3e6","version":"64d46d8e-e815-439f-82be-96ce47c3ac56"},{"clientId":"b6d71d41-3853-4a1e-8f6e-49a138412928","version":"7c4ca0b1-ec56-4222-bc53-6ce7a5b822ae"},{"clientId":"15eff978-4a3d-40c4-875b-a21ad1a5f38a","version":"401660ae-74b5-4819-8aa4-0223dcffa6c3"},{"clientId":"09b87ea0-2202-43ed-a33b-8e7adaf9eee2","version":"04554145-1794-43ef-955d-c40f90427db5"},{"clientId":"d41eb03d-49b2-436f-8763-eb2c14061cbe","version":"0d316f40-34bd-4b61-8881-146d70d47183"},{"clientId":"ee3fb24a-7431-4691-afed-fe422ae1c6fc","version":"9e0bf1f5-3bac-4f1b-bf60-5690a7bcf8a6"},{"clientId":"410b4a92-857b-4188-a7d8-43f381add683","version":"792cb080-f558-41a8-925e-e84d272b0a73"},{"version":"36c115e1-b84c-448a-ac9b-f2f32b99f144","clientId":"6dddd0ed-a382-460a-9fa3-a14e6c9471c3"},{"clientId":"785da677-7b83-4bc4-8078-57306f377731","version":"fedafbd7-9498-4a6c-8218-9a1eafbfffe5"},{"clientId":"16319b50-37f3-4752-a803-6942a00484ef","version":"833bc2bc-3939-48a8-b4b3-45897eb586b5"},{"clientId":"ccb0d3e6-ef40-4989-a21d-80123a664aa7","version":"ab18754c-62ac-4c14-a95b-993f1a08257b"},{"clientId":"ad3ed178-abe1-4abd-9f21-aa091571a3d5","version":"e7f60838-2838-4865-8748-63d998d875ed"},{"clientId":"9fc5e411-90d1-4e61-a407-843c2d0eb213","version":"3b798047-4505-4bb3-b641-aa719eda74d0"},{"clientId":"13e9be67-93b5-4275-8a38-fafc5da152f3","version":"d48330c8-0e59-433e-ad13-98c3410cf4f6"},{"clientId":"6805a590-9360-44b5-98ce-9124ff9133f8","version":"88b01e1c-0aef-49ed-b9da-e34e1151cf70"},{"clientId":"31ce50c9-9ad2-4154-9c9d-5b55927f4732","version":"67703552-5d35-45a0-8a6a-4634620c3922"},{"clientId":"766fa232-4bba-454d-ac52-adf6cd69f17b","version":"b5871fa1-92c0-4a61-bd34-8cfdcd7ec513"},{"clientId":"4a70ecba-fb86-4d63-9058-904985f999d7","version":"cbf1e56e-a6ab-4ee3-8bd0-b3a5f3fea97b"},{"clientId":"650c3d45-ac2b-446e-ad4d-1c0af5fac7d4","version":"0c02ef1c-4086-4e7e-8cca-b5b59ab2b5d7"},{"clientId":"fd6ca09b-0ecd-4ae1-84d8-5269f80cf3d9","version":"a2a75d88-e490-4249-85c2-f2e1fba41b82"},{"clientId":"e1fc447b-695b-4709-a6e6-6c56e30bbb09","version":"a991eccf-f4ec-4ca0-9e59-de5eb74c0338"},{"clientId":"eac062fb-c84d-4517-b7b1-b853ebf7939e","version":"10caef03-6103-4050-8c9f-7f72a0aa1e5d"},{"clientId":"25f46b05-e5b7-4f38-8d83-386a587c6f9f","version":"96fc5836-a0fb-4dd5-ab1e-41b857c1a55b"},{"clientId":"0fc0f4a2-1508-4838-8fb0-a13498d47a1a","version":"d6b440b6-d69e-42d6-9511-2eebbbf5a829"},{"clientId":"1cc2af3c-02a4-4773-9ef1-8c4975b3b48a","version":"2dbbecd5-9a87-408d-b576-dad7f1b49813"},{"clientId":"8b6f40e4-068d-45a4-96b0-2d174d6ea152","version":"2dbbbca1-d4a4-4fed-ad50-e6953a75c88c"},{"clientId":"712c0023-43cf-4ef3-9fd2-39562b689344","version":"00e68731-c6f6-4bf4-955a-ae7cb3c54508"},{"clientId":"a14db1a9-eaff-41b7-8da5-2c623fd17e69","version":"8728e593-cd90-4a39-ac05-145e1da6fb60"},{"clientId":"4b222a33-919a-42fc-80b4-de0689ed3008","version":"b9d4c58d-654b-4eaa-b914-4bfab984cbd4"},{"clientId":"64c444a1-52fc-48c5-8a82-22dc362ecdf8","version":"1fdf4784-9701-4635-8e77-1be4d02e0427"},{"clientId":"5baeb1f6-8e6f-49c6-954f-e69fc42c743f",