{"metrics":{"http_req_failed":{"type":"rate","contains":"default","values":{"passes":0,"fails":43145,"rate":0}},"http_req_waiting":{"values":{"avg":138.88606036664683,"min":10.151098,"med":138.432798,"max":186.277375,"p(90)":144.8835072,"p(95)":147.48071559999997},"type":"trend","contains":"time"},"iterations":{"type":"counter","contains":"default","values":{"count":43044,"rate":701.9355348318525}},"data_sent":{"type":"counter","contains":"data","values":{"count":13846618,"rate":225802.27700590919}},"http_req_duration":{"type":"trend","contains":"time","values":{"med":138.490338,"max":186.332409,"p(90)":144.9458354,"p(95)":147.5541586,"avg":138.95000097028625,"min":10.212723}},"http_req_duration{expected_response:true}":{"type":"trend","contains":"time","values":{"avg":138.95000097028625,"min":10.212723,"med":138.490338,"max":186.332409,"p(90)":144.9458354,"p(95)":147.5541586}},"http_req_blocked":{"type":"trend","contains":"time","values":{"max":56.851557,"p(90)":0.002415,"p(95)":0.002654,"avg":0.07169203084946356,"min":0.001032,"med":0.001883}},"vus":{"contains":"default","values":{"min":0,"max":100,"value":100},"type":"gauge"},"http_req_sending":{"contains":"time","values":{"avg":0.026445468119132814,"min":0.007223,"med":0.017582,"max":38.529908,"p(90)":0.02146,"p(95)":0.026728199999999962},"type":"trend"},"vus_max":{"type":"gauge","contains":"default","values":{"max":100,"value":100,"min":100}},"http_reqs":{"type":"counter","contains":"default","values":{"rate":703.5825817842272,"count":43145}},"http_req_tls_handshaking":{"values":{"avg":0,"min":0,"med":0,"max":0,"p(90)":0,"p(95)":0},"type":"trend","contains":"time"},"data_received":{"type":"counter","contains":"data","values":{"count":8629009,"rate":140716.66312340554}},"iteration_duration":{"type":"trend","contains":"time","values":{"avg":139.49238201426343,"min":21.466074,"med":138.6559185,"max":1185.534242,"p(90)":145.1157635,"p(95)":147.74396525}},"checks":{"type":"rate","contains":"default","values":{"rate":1,"passes":43145,"fails":0}},"http_req_receiving":{"type":"trend","contains":"time","values":{"p(95)":0.05352839999999997,"avg":0.03749513551975891,"min":0.017063,"med":0.034355,"max":1.618084,"p(90)":0.0472296}},"http_req_connecting":{"values":{"p(95)":0,"avg":0.06653341977054117,"min":0,"med":0,"max":56.792495,"p(90)":0},"type":"trend","contains":"time"}},"setup_data":[{"clientId":"9c5896ad-af58-4536-a1ca-0d8633f5759f"},{"clientId":"a75d8daa-25ce-4fb7-800a-6c942ea13b37"},{"clientId":"a5c6431d-a98d-4e7c-8244-1ef01a52a9e5"},{"clientId":"d1c2ef0d-bfdb-43ee-97c8-ffe1b6efa3b5"},{"clientId":"f3fccde3-3143-40bf-9d03-55b4eab728ed"},{"clientId":"1e4815cc-2596-4715-9aa0-d3253a973639"},{"clientId":"90fc3ced-2322-4482-a1e1-57605b76cf04"},{"clientId":"e228c17e-6ac3-4a97-a098-d91873ca9749"},{"clientId":"d6056d80-c143-48ed-b441-11d27e7306b8"},{"clientId":"1ec4027d-7bcd-44a1-87fa-6c7febd695a1"},{"clientId":"de23c5c0-2fa5-48d8-92bc-593343ea77a1"},{"clientId":"398f75ca-27a3-47d8-8328-3270bac57462"},{"clientId":"7ec27bcd-b2a8-41e7-af5e-55c9c1808d7d"},{"clientId":"c5db7efd-64ba-41ea-92a5-5456c5ed18c3"},{"clientId":"f1312f62-2052-4093-99f6-2d2b3103a1dd"},{"clientId":"7ed4576f-39e2-4e76-959b-3c13d301ea87"},{"clientId":"52d1f649-a0d1-42a3-9882-eb12c2107e77"},{"clientId":"4b0eaea5-1c20-4e6e-8de1-748490be06ca"},{"clientId":"e6f5bd3f-e2ec-434e-b0e9-d0c1e8250a62"},{"clientId":"9deb48c8-de51-44aa-beb9-e4b54b885c42"},{"clientId":"ce21c8b2-5e7c-479b-ba62-644a662963c4"},{"clientId":"769fc9ef-85ec-4207-92aa-2f9a7851bcab"},{"clientId":"f636fbfa-3854-4fdb-bc6a-5c8afaf8d069"},{"clientId":"221c0910-0d06-4d9c-ac33-6a8d0d6f8407"},{"clientId":"476fc0dd-6762-490b-a96e-0abc10548d94"},{"clientId":"84d9a5e3-2e37-4d3b-8516-c9934d690416"},{"clientId":"c463852e-5c56-428e-98d7-166785c3d055"},{"clientId":"07fffb22-560b-458a-b4a4-6a81a19cea55"},{"clientId":"c604ef7c-66ea-4fc3-90d9-bb962b64a49f"},{"clientId":"33430fe0-6d9a-4625-a87c-84fa9d3105cf"},{"clientId":"5f6b7087-014f-49c1-b2a3-3a665022bddb"},{"clientId":"344a98a4-5ecc-43cf-906d-25bb00c64750"},{"clientId":"2de79667-3c40-4d4c-88b5-c2608e2136a9"},{"clientId":"265466e7-d1e8-45e6-84bd-9d6087acb5f3"},{"clientId":"37f1a80d-1a02-457d-a6c3-c8e8349047bb"},{"clientId":"b91553e7-f605-4e37-8b8c-9b723ca4630b"},{"clientId":"56ef1644-e30a-455b-a3b5-b33937a9e989"},{"clientId":"92cb0524-cdbe-43fb-a1b5-b268b61fd8c1"},{"clientId":"6203eb96-8f91-4624-9843-a1f9c597d321"},{"clientId":"6f4d7fba-8419-4c08-a2c7-e197f08f58b5"},{"clientId":"197566ef-1726-4b15-a75d-7fe69f210341"},{"clientId":"489a7967-6486-439b-8114-4b189e5a5c6f"},{"clientId":"b1532e62-68a4-44ff-a023-9418d1d5fa2f"},{"clientId":"5c68f483-f816-4100-bdb0-095ce8aefb8e"},{"clientId":"49bfa399-5189-4069-82b8-5adf56d812e4"},{"clientId":"7d203b5c-55f3-4a5e-8005-806a9c41d4df"},{"clientId":"c6236cf3-07d4-43bb-8384-461166354772"},{"clientId":"452d2f7d-6e11-439b-9d5c-55b67a7d53ac"},{"clientId":"1f67eb00-0834-42a7-a8f9-d9d42252d2c2"},{"clientId":"260aa076-f117-40dd-b991-661cdc27828c"},{"clientId":"e810c234-aee6-4aae-980d-844473fdbcad"},{"clientId":"4fa30b52-ff92-447b-a67e-86799be4f96f"},{"clientId":"7c126e51-8122-495e-ace4-09e4f63572d5"},{"clientId":"dd3be614-6620-491b-8a1c-ca8c9947ade5"},{"clientId":"a6e614bc-488c-404c-88f5-0ba2eab87394"},{"clientId":"9ff9a03a-124b-405c-b560-b01dc192bb55"},{"clientId":"5653e39a-7e7c-4958-8e5e-1a02b423a0ca"},{"clientId":"cf102452-9898-45de-9144-531ac89225c9"},{"clientId":"08f8167f-5caa-4047-ae48-b57942c5a37a"},{"clientId":"f0204d26-fa89-4374-a852-1a0ac475f363"},{"clientId":"aef38841-e9c4-4583-b84f-c04123e85e25"},{"clientId":"b7426b44-c20b-4ed5-bfce-0f38f73b0314"},{"clientId":"c39cf70d-0aff-410e-b620-fb8b9fddb79b"},{"clientId":"50a5b7b6-5c55-43b1-b0b0-26d10787b3a0"},{"clientId":"5187b07c-c3c2-4291-9b13-fafcc0aad755"},{"clientId":"1b3fb719-35ec-4fcc-8f93-fb8b3d641363"},{"clientId":"78a81cae-f180-4ada-99bd-8a43a4e4e83f"},{"clientId":"5ee06ad0-e8a2-4886-af40-694495d54338"},{"clientId":"6ddcdf48-99cf-4452-bd4e-f9e757ce02d5"},{"clientId":"c4dd9234-f162-4cd5-a28f-04b442d69aa6"},{"clientId":"d95a2e26-fa4f-49cb-b1ca-2490c5897507"},{"clientId":"1f1b936e-7d94-4795-88ef-2bdb980ee180"},{"clientId":"e1597a07-ac28-44c9-8cfd-2968561b303d"},{"clientId":"a72136d1-fac2-4911-9d35-d224da1afb46"},{"clientId":"a0bed87f-d988-4a45-98e5-b2bf39ad4e1c"},{"clientId":"5b638260-6294-4672-99df-967d161bc3f8"},{"clientId":"c80ddfa0-725e-4819-8a9f-54e3992e7e5d"},{"clientId":"2dba24e7-2382-4a3c-ac64-b5f7e7aba5a5"},{"clientId":"2d1b3d2b-3f83-4d02-b47d-b315b76e9a7b"},{"clientId":"ec6675b9-f301-4d2f-9661-4c3c622a5d8c"},{"clientId":"248e74fd-bfca-42ea-b7bc-d9ecd6409cdf"},{"clientId":"f4bca63d-8ca7-4d6a-8370-6d8e7217c09a"},{"clientId":"6425178f-6941-4f2c-87d1-68c2c58fb2f9"},{"clientId":"54d09714-8b68-4550-944b-cf5aaf53b536"},{"clientId":"88f74430-014d-49e2-8210-b8749bc4227c"},{"clientId":"89ad1b09-e742-4be4-adff-fd61e4cf90b6"},{"clientId":"d280e405-2e10-4682-afbd-f9df8b3d13c1"},{"clientId":"191c3390-0c9f-455d-9a29-0cd8afc270ba"},{"clientId":"1179d776-f062-4fbf-9700-2f337e248157"},{"clientId":"43068418-5872-42b7-9a6a-fff1e65321f4"},{"clientId":"754ff08c-9af1-42e7-905d-ce1b512e94b7"},{"clientId":"4ba38d14-4464-400c-bba5-07fb96187f40"},{"clientId":"d67e1f55-dc68-4dd8-94af-5d07a8230da0"},{"clientId":"b30f9da3-98f6-4600-a74a-8331bb2d9d0e"},{"clientId":"0ce21a17-d263-4a89-a352-dc6a143cdbd4"},{"clientId":"2a17f0fd-46f8-428a-b728-7d4128b9eae2"},{"clientId":"446f3e4c-be66-46d8-ae2c-95cdc5d7c8ab"},{"clientId":"8ccc51e7-2591-45ae-b755-35d9c00409a0"},{"clientId":"99211aea-48b8-4083-b18e-624f97b6e920"},{"clientId":"91b43628-ab73-4937-b555-2f06baaef7c2"}],"root_group":{"name":"","path":"","id":"d41d8cd98f00b204e9800998ecf8427e","groups":[{"name":"setup","path":"::setup","id":"5c0f8025f7e0b6654089e5b00e950f1a","groups":[],"checks":[{"name":"status is 200","path":"::setup::status is 200","id":"6a0be71c20f269f0733a66d88d45f346","passes":100,"fails":0}]},{"path":"::teardown","id":"a8a9942382e8ffe2e56ef29e664b8229","groups":[],"checks":[{"fails":0,"name":"status is 200",