{"state":{"isStdOutTTY":false,"isStdErrTTY":false,"testRunDurationMs":60721.318699},"metrics":{"http_req_duration":{"type":"trend","contains":"time","values":{"avg":756.6286911545517,"min":11.995096,"med":749.709448,"max":1287.990587,"p(90)":796.810035,"p(95)":816.4556651999999}},"http_req_failed":{"type":"rate","contains":"default","values":{"rate":0,"passes":0,"fails":7965}},"checks":{"values":{"rate":1,"passes":7965,"fails":0},"type":"rate","contains":"default"},"http_req_duration{expected_response:true}":{"type":"trend","contains":"time","values":{"min":11.995096,"med":749.709448,"max":1287.990587,"p(90)":796.810035,"p(95)":816.4556651999999,"avg":756.6286911545517}},"http_req_connecting":{"type":"trend","contains":"time","values":{"p(90)":0,"p(95)":0,"avg":0.3048019835530446,"min":0,"med":0,"max":56.332358}},"iteration_duration":{"type":"trend","contains":"time","values":{"avg":757.5056668038918,"min":12.674815,"med":750.252059,"max":1288.558986,"p(90)":797.3900806,"p(95)":816.9274551999999}},"http_req_receiving":{"type":"trend","contains":"time","values":{"avg":0.0436371663527936,"min":0.022642,"med":0.041146,"max":0.183123,"p(90)":0.053627600000000004,"p(95)":0.060528199999999976}},"data_sent":{"type":"counter","contains":"data","values":{"count":2580430,"rate":42496.277341923014}},"vus_max":{"type":"gauge","contains":"default","values":{"value":100,"min":100,"max":100}},"iterations":{"contains":"default","values":{"count":7964,"rate":131.1565718702212},"type":"counter"},"http_req_waiting":{"contains":"time","values":{"med":749.637184,"max":1287.921788,"p(90)":796.7410488,"p(95)":816.3984019999999,"avg":756.5474175070921,"min":11.925215},"type":"trend"},"http_req_sending":{"type":"trend","contains":"time","values":{"avg":0.037636481104833606,"min":0.009668,"med":0.022291,"max":2.205636,"p(90)":0.026946800000000003,"p(95)":0.03768179999999997}},"data_received":{"type":"counter","contains":"data","values":{"count":1664685,"rate":27415.165475110392}},"http_req_blocked":{"type":"trend","contains":"time","values":{"med":0.002365,"max":57.565727,"p(90)":0.003011800000000003,"p(95)":0.0035867999999999994,"avg":0.3212755347143668,"min":0.001271}},"http_req_tls_handshaking":{"type":"trend","contains":"time","values":{"med":0,"max":0,"p(90)":0,"p(95)":0,"avg":0,"min":0}},"http_reqs":{"type":"counter","contains":"default","values":{"count":7965,"rate":131.17304055076744}},"vus":{"type":"gauge","contains":"default","values":{"value":100,"min":100,"max":100}}},"root_group":{"name":"","path":"","id":"d41d8cd98f00b204e9800998ecf8427e","groups":[{"checks":[{"passes":1,"fails":0,"name":"status is 200","path":"::teardown::status is 200","id":"bacb2488eca8a9452148e68af34c0ceb"}],"name":"teardown","path":"::teardown","id":"a8a9942382e8ffe2e56ef29e664b8229","groups":[]}],"checks":[{"fails":0,"name":"status is 200","path":"::status is 200","id":"6210a8cd14cd70477eba5c5e4cb3fb5f","passes":7964}]},"options":{"summaryTrendStats":["avg","min","med","max","p(90)","p(95)"],"summaryTimeUnit":"","noColor":false}}