{"state":{"isStdOutTTY":false,"isStdErrTTY":false,"testRunDurationMs":60045.489436},"metrics":{"http_req_duration{expected_response:true}":{"contains":"time","values":{"p(90)":58.702467,"p(95)":59.5047625,"avg":56.11046716505474,"min":9.00721,"med":56.538605000000004,"max":138.298127},"type":"trend"},"data_sent":{"type":"counter","contains":"data","values":{"count":29668532,"rate":494100.9271249668}},"data_received":{"type":"counter","contains":"data","values":{"count":22304898,"rate":371466.6698449326}},"http_req_sending":{"type":"trend","contains":"time","values":{"p(95)":0.025387549999999974,"avg":0.01717789771556,"min":0.007013,"med":0.012644,"max":2.12764,"p(90)":0.019085}},"http_reqs":{"type":"counter","contains":"default","values":{"count":106722,"rate":1777.3524872963283}},"http_req_receiving":{"type":"trend","contains":"time","values":{"avg":0.034216825921553756,"min":0.013225,"med":0.031008,"max":2.024335,"p(90)":0.044525,"p(95)":0.049382}},"vus_max":{"type":"gauge","contains":"default","values":{"min":100,"max":100,"value":100}},"http_req_connecting":{"values":{"p(90)":0,"p(95)":0,"avg":0.008849908182005583,"min":0,"med":0,"max":22.166444},"type":"trend","contains":"time"},"http_req_tls_handshaking":{"type":"trend","contains":"time","values":{"min":0,"med":0,"max":0,"p(90)":0,"p(95)":0,"avg":0}},"checks":{"type":"rate","contains":"default","values":{"rate":1,"passes":106722,"fails":0}},"http_req_duration":{"type":"trend","contains":"time","values":{"med":56.538605000000004,"max":138.298127,"p(90)":58.702467,"p(95)":59.5047625,"avg":56.11046716505474,"min":9.00721}},"http_req_failed":{"type":"rate","contains":"default","values":{"rate":0,"passes":0,"fails":106722}},"vus":{"type":"gauge","contains":"default","values":{"min":100,"max":100,"value":100}},"http_req_blocked":{"type":"trend","contains":"time","values":{"med":0.001864,"max":22.207853,"p(90)":0.002215,"p(95)":0.002485,"avg":0.01123319318416108,"min":0.000811}},"http_req_waiting":{"type":"trend","contains":"time","values":{"avg":56.059072441419055,"min":8.925657,"med":56.488490999999996,"max":138.049872,"p(90)":58.652258200000006,"p(95)":59.4550805}},"iteration_duration":{"contains":"time","values":{"max":157.028674,"p(90)":58.8015001,"p(95)":59.6007914,"avg":56.21950254376722,"min":9.607488,"med":56.6377765},"type":"trend"},"iterations":{"type":"counter","contains":"default","values":{"count":106721,"rate":1777.3358332560433}}},"root_group":{"checks":[{"path":"::status is 200","id":"6210a8cd14cd70477eba5c5e4cb3fb5f","passes":106721,"fails":0,"name":"status is 200"}],"name":"","path":"","id":"d41d8cd98f00b204e9800998ecf8427e","groups":[{"name":"teardown","path":"::teardown","id":"a8a9942382e8ffe2e56ef29e664b8229","groups":[],"checks":[{"fails":0,"name":"status is 200","path":"::teardown::status is 200","id":"bacb2488eca8a9452148e68af34c0ceb","passes":1}]}]},"options":{"summaryTrendStats":["avg","min","med","max","p(90)","p(95)"],"summaryTimeUnit":"","noColor":false}}