{"state":{"isStdOutTTY":false,"isStdErrTTY":false,"testRunDurationMs":60323.607754},"metrics":{"iteration_duration":{"values":{"med":261.2720355,"max":378.689039,"p(90)":332.1469169,"p(95)":343.61977189999993,"avg":260.97881865018763,"min":15.44264},"type":"trend","contains":"time"},"http_req_connecting":{"values":{"max":56.947758,"p(90)":0,"p(95)":0,"avg":0.10103372740689297,"min":0,"med":0},"type":"trend","contains":"time"},"http_req_waiting":{"type":"trend","contains":"time","values":{"med":260.6936815,"max":378.150416,"p(90)":331.46711869999996,"p(95)":343.06237634999997,"avg":260.29143559857584,"min":14.706787}},"data_sent":{"type":"counter","contains":"data","values":{"count":7464082,"rate":123734.01190523231}},"http_req_duration":{"type":"trend","contains":"time","values":{"p(95)":343.12312524999993,"avg":260.3604958467744,"min":14.812265,"med":260.749913,"max":378.20037,"p(90)":331.5192407}},"data_received":{"type":"counter","contains":"data","values":{"count":4814942,"rate":79818.53505240203}},"vus":{"type":"gauge","contains":"default","values":{"value":100,"min":100,"max":100}},"http_req_sending":{"type":"trend","contains":"time","values":{"p(90)":0.023304,"p(95)":0.031314849999999915,"avg":0.03211908051914279,"min":0.008125,"med":0.018515,"max":5.828408}},"http_req_failed":{"type":"rate","contains":"default","values":{"fails":23038,"rate":0,"passes":0}},"vus_max":{"type":"gauge","contains":"default","values":{"max":100,"value":100,"min":100}},"http_req_blocked":{"values":{"max":56.98052,"p(90)":0.002595,"p(95)":0.002885,"avg":0.1086614934022028,"min":0.001033,"med":0.001993},"type":"trend","contains":"time"},"http_req_receiving":{"type":"trend","contains":"time","values":{"min":0.017172,"med":0.034425,"max":1.215013,"p(90)":0.047329,"p(95)":0.05316299999999995,"avg":0.03694116767948561}},"http_reqs":{"type":"counter","contains":"default","values":{"count":23038,"rate":381.9068662794356}},"http_req_tls_handshaking":{"contains":"time","values":{"avg":0,"min":0,"med":0,"max":0,"p(90)":0,"p(95)":0},"type":"trend"},"iterations":{"type":"counter","contains":"default","values":{"count":23037,"rate":381.89028902158856}},"http_req_duration{expected_response:true}":{"type":"trend","contains":"time","values":{"max":378.20037,"p(90)":331.5192407,"p(95)":343.12312524999993,"avg":260.3604958467744,"min":14.812265,"med":260.749913}},"checks":{"type":"rate","contains":"default","values":{"rate":1,"passes":23038,"fails":0}}},"root_group":{"groups":[{"name":"teardown","path":"::teardown","id":"a8a9942382e8ffe2e56ef29e664b8229","groups":[],"checks":[{"path":"::teardown::status is 200","id":"bacb2488eca8a9452148e68af34c0ceb","passes":1,"fails":0,"name":"status is 200"}]}],"checks":[{"passes":23037,"fails":0,"name":"status is 200","path":"::status is 200","id":"6210a8cd14cd70477eba5c5e4cb3fb5f"}],"name":"","path":"","id":"d41d8cd98f00b204e9800998ecf8427e"},"options":{"summaryTrendStats":["avg","min","med","max","p(90)","p(95)"],"summaryTimeUnit":"","noColor":false}}